"time","Acceleration x","Acceleration y","Acceleration z","abs Acceleration"
9.551147063E2,7.801776123E0,-5.238506470E0,1.498384094E0,9.516029403E0
9.553150453E2,5.836662598E0,-4.666396179E0,2.503244476E0,7.880870287E0
9.555153853E2,9.566905518E0,-1.059646454E1,1.520687714E0,1.435699248E1
9.557157236E2,9.429341583E0,-2.744393005E0,1.248852997E0,9.899687342E0
9.559160626E2,6.814279633E0,-4.141437836E0,1.282982025E0,8.076630308E0
9.561164016E2,1.466784805E1,-4.747078400E0,3.213966522E0,1.574833644E1
9.563167406E2,7.081923065E0,-1.873504028E0,1.948498077E0,7.580257014E0
9.565170806E2,7.269333344E0,-6.754553833E0,1.184636536E0,9.993526328E0
9.567174195E2,1.047057632E1,-2.476749573E0,2.113604736E-1,1.076159515E1
9.569177585E2,3.862867126E0,-4.229903870E0,2.140698395E0,6.115261139E0
9.571180975E2,1.170266418E1,-4.783452759E0,4.689747620E-1,1.265123340E1
9.573184365E2,7.000043335E0,-6.599775696E0,-3.448828125E-1,9.626868135E0
9.575187765E2,7.454049225E0,-2.871778107E0,-7.048841858E-1,8.019153388E0
9.577191154E2,8.447832642E0,-8.715176697E0,1.474284210E0,1.222676143E1
9.579194544E2,1.166344574E1,-3.191213837E0,-1.670975189E0,1.220704593E1
9.581197934E2,5.336552582E0,-4.814887390E0,1.968706055E0,7.452364562E0
9.583201324E2,1.757300674E1,-7.977360992E0,3.683839417E0,1.964737965E1
9.585204714E2,6.042783966E0,-5.555247803E0,1.170266418E0,8.291293005E0
9.587208110E2,7.009623413E0,-3.771856384E0,6.039939880E-1,7.982889810E0
9.589211510E2,9.683812408E0,-5.079686737E0,4.478536835E0,1.181679873E1
9.591214900E2,9.244326324E0,-3.763773193E0,3.337310028E0,1.052431452E1
9.593218290E2,6.666686554E0,1.053359528E0,1.517394562E0,6.917858206E0
9.595221680E2,5.097499695E0,3.932322693E0,1.278087204E1,1.431077758E1
9.597225063E2,4.652774506E0,1.820963287E0,4.566254425E0,6.768670281E0
9.599228453E2,5.523813171E0,2.580633545E-1,7.897277527E0,9.640855822E0
9.601231842E2,8.475225677E0,-1.517693939E0,7.563321991E0,1.146022184E1
9.603235233E2,7.396868134E0,-5.385800171E-1,1.794917450E0,7.630560613E0
9.605238623E2,1.335986801E1,-2.001038818E0,4.511468353E0,1.424231640E1
9.607242019E2,7.225175171E0,-4.594844971E0,1.221459961E0,8.649145680E0
9.609245409E2,9.768835602E0,-4.123924255E-1,2.646047516E0,1.012925387E1
9.611248799E2,8.616831207E0,-3.259621582E0,3.970792694E0,1.003205400E1
9.613252189E2,8.553213501E0,3.309617615E-1,5.427413635E0,1.013527581E1
9.615255579E2,6.687942352E0,-2.472258911E0,2.567910004E0,7.578574986E0
9.617258968E2,1.583631821E1,-6.136489105E0,5.670358429E0,1.790526285E1
9.619262358E2,8.593779144E0,-1.827399902E0,2.504441986E0,9.135899520E0
9.621265748E2,6.272705841E0,-4.511618042E0,2.082918549E0,8.002504958E0
9.623269138E2,8.017028503E0,-7.382048950E0,5.225483551E0,1.208606930E1
9.625272528E2,6.258036346E0,-2.602937164E0,2.007924500E0,7.068950530E0
9.627275916E2,9.893975372E0,-3.149151306E0,5.538482666E-1,1.039781951E1
9.629279306E2,1.089254883E1,-2.743045807E0,2.202968903E0,1.144661488E1
9.631282696E2,5.767805786E0,-3.388503571E0,1.580413513E0,6.873663281E0
9.633286086E2,6.566245422E0,-5.621410217E0,6.310876465E-1,8.666839297E0
9.635289466E2,1.285137543E1,-3.385060730E0,3.336561584E0,1.370215785E1
9.637292857E2,5.297633514E0,-2.884801025E0,1.792073364E0,6.292735872E0
9.639296248E2,8.984915771E0,-2.803220673E0,-1.204096069E0,9.488762032E0
9.641299638E2,1.155282578E1,-3.647614746E0,3.740721130E0,1.267934822E1
9.643303028E2,5.035378876E0,-3.324885864E0,1.588646393E0,6.239687796E0
9.645306418E2,6.431525574E0,-6.458469543E0,5.409750366E-1,9.130662848E0
9.647309807E2,1.337064560E1,-3.411405945E-1,2.656974792E-1,1.337763566E1
9.649313188E2,3.712429962E0,-4.510420532E0,1.007105713E0,5.927924723E0
9.651316578E2,1.126512405E1,-4.321812744E0,9.553134155E-1,1.210345856E1
9.653319967E2,7.965834961E0,-5.101391602E0,8.632548523E-1,9.498627892E0
9.655323358E2,5.754483490E0,-3.006198578E0,2.350861359E0,6.904915586E0
9.657326743E2,9.606573029E0,-7.257358246E0,1.182690582E0,1.209769611E1
9.659330123E2,1.282083893E1,-3.697012024E0,-1.041085052E0,1.338378373E1
9.661333512E2,4.854255524E0,-5.485343170E0,2.145189056E0,7.632471583E0
9.663336903E2,1.261756165E1,-4.048780518E0,1.779649200E0,1.337021454E1
9.665340293E2,7.675887909E0,-6.986271973E0,9.048683167E-1,1.041854299E1
9.667343680E2,5.602399750E0,-4.350403290E0,1.560205536E0,7.262722152E0
9.669347070E2,9.659113770E0,-9.993069305E0,5.248086548E-1,1.390810329E1
9.671350460E2,6.599626007E0,-2.881657562E0,2.139800262E0,7.512506832E0
9.673353850E2,8.376281433E0,-5.369633789E0,6.002517700E-2,9.949807068E0
9.675357230E2,1.141391464E1,-3.721411285E0,3.128194885E0,1.240612561E1
9.677360621E2,5.155728607E0,-3.025807800E0,1.708247681E0,6.217327437E0
9.679364011E2,8.173453217E0,-8.117918701E0,9.568103027E-1,1.155947349E1
9.681367391E2,1.201416641E1,-3.049907684E0,3.228636017E0,1.280883375E1
9.683370781E2,3.634891205E0,-4.872367859E0,-5.647755432E-1,6.105028586E0
9.685374171E2,1.079255676E1,-5.761369171E0,1.176703033E0,1.229053645E1
9.687377551E2,8.201744385E0,-5.690416718E0,-3.059637451E-1,9.987145097E0
9.689380941E2,5.614973602E0,-4.028273163E0,2.357896729E0,7.301684067E0
9.691384331E2,8.979227600E0,-7.918683014E0,6.084846497E-1,1.198759036E1
9.693387711E2,1.135239258E1,-2.988684998E0,-1.431024170E0,1.182611033E1
9.695391101E2,5.387596436E0,-5.795198822E0,1.928290100E0,8.144251190E0
9.697394481E2,1.455438400E1,-6.392905884E0,3.498674469E0,1.627697952E1
9.699397861E2,7.491621094E0,-6.345903625E0,1.959575043E0,1.001173381E1
9.701401251E2,6.183191986E0,-4.562661896E0,2.324067078E0,8.028140164E0
9.703404641E2,1.205577988E1,-1.123593475E1,3.116818542E0,1.677207847E1
9.705408021E2,5.774242401E0,-3.933669891E0,6.393354950E0,9.470513272E0
9.707411423E2,6.645730133E0,-3.659440155E0,3.857927399E0,8.511218189E0
9.709414803E2,1.349773132E1,-7.606881409E0,7.499554596E0,1.721327147E1
9.711418192E2,7.741451569E0,-3.070265350E0,5.209915924E0,9.823432478E0
9.713421583E2,5.701493683E0,-4.453389130E0,2.947221222E0,7.811902322E0
9.715424963E2,1.112965576E1,-8.088879089E0,7.649393005E0,1.574205881E1
9.717428347E2,6.104006653E0,-2.690804443E0,2.827619934E0,7.245326788E0
9.719431727E2,7.186405792E0,-3.786226501E0,2.615810394E0,8.533604359E0
9.721435117E2,1.155102951E1,-2.923869781E0,4.507875824E0,1.273955422E1
9.723438497E2,4.916226654E0,-3.331621857E0,3.080144806E0,6.690013508E0
9.725441887E2,6.377937012E0,-5.564977570E0,1.133892059E0,8.540068330E0
9.727445269E2,1.066157913E1,-2.593656464E0,3.979624329E0,1.167192072E1
9.729448659E2,5.586832123E0,-4.540058899E0,1.089584198E0,7.280935496E0
9.731452049E2,8.865763550E0,-4.719385986E0,1.532812500E0,1.015991543E1
9.733455429E2,7.225175171E0,-5.169200592E0,1.517095184E0,9.012511792E0
9.735458819E2,5.335504761E0,-2.785258026E0,2.696043549E0,6.594992353E0
9.737462193E2,7.429051208E0,-7.583979034E0,2.028282166E0,1.080839805E1
9.739465573E2,9.765542450E0,-4.545447693E0,-3.688779144E0,1.138569302E1
9.741468963E2,4.262835388E0,-5.971981201E0,2.653831329E0,7.802508939E0
9.743472343E2,1.223780136E1,-5.599256287E0,3.540737000E0,1.391589996E1
9.745475733E2,7.061864777E0,-6.501579895E0,8.467890930E-1,9.636261050E0
9.747479121E2,4.658312988E0,-4.751269684E0,3.123404846E0,7.350517080E0
9.749482511E2,9.541907501E0,-1.415351761E1,5.163811798E0,1.783353615E1
9.751485891E2,6.057453461E0,-5.229824524E0,2.848875732E0,8.494698342E0
9.753489281E2,7.514373779E0,-3.701502686E0,9.699829102E-1,8.432544235E0
9.755492661E2,1.140089172E1,-3.883673859E0,3.291205902E0,1.248580358E1
9.757496040E2,5.321434021E0,-2.659669189E0,1.534758453E0,6.143857400E0
9.759499430E2,7.495812378E0,-7.793692932E0,1.722917175E0,1.094976239E1
9.761502810E2,1.226010498E1,-3.296445007E0,6.271957397E-1,1.271102271E1
9.763506190E2,3.829037476E0,-4.665947113E0,8.907975769E-1,6.101320412E0
9.765509580E2,1.283895126E1,-5.230123901E0,4.372557220E0,1.453657877E1
9.767512961E2,7.996371460E0,-7.088509369E0,1.331032104E0,1.076849888E1
9.769516341E2,5.280718689E0,-4.268972626E0,2.106269989E0,7.109605504E0
9.771519731E2,1.129955246E1,-1.027388535E1,5.583389282E-1,1.528215784E1
9.773523111E2,8.142467651E0,-1.655706940E0,-1.265019379E0,8.404844969E0
9.775526491E2,8.929231567E0,-2.896177368E0,2.647843781E0,9.753465867E0
9.777529874E2,1.328816711E1,-5.576503601E0,1.437460785E0,1.448237105E1
9.779533254E2,5.923931122E0,-2.890638885E0,2.582280121E0,7.079330740E0
9.781536634E2,6.231092377E0,-6.519243164E0,-8.996292114E-2,9.018599501E0
9.783540024E2,1.183992874E1,-1.512604523E0,3.197201385E0,1.235694063E1
9.785543404E2,3.844605103E0,-4.630770264E0,1.640588379E-1,6.020958141E0
9.787546785E2,1.170670578E1,-4.284091187E0,1.094673615E0,1.251394054E1
9.789550165E2,7.495812378E0,-8.017477570E0,1.031954041E0,1.102415888E1
9.791553555E2,3.937711487E0,-3.145409088E0,1.891316986E0,5.382959226E0
9.793556935E2,1.159758270E1,-7.412884827E0,5.236111450E-1,1.377421339E1
9.795560315E2,1.139625137E1,-2.426304474E0,-4.787793732E0,1.259700233E1
9.797563696E2,4.359085236E0,-5.879323883E0,2.877915344E0,7.864506987E0
9.799567086E2,1.621907227E1,-8.895701294E0,2.430944824E0,1.865747302E1
9.801570466E2,5.645360413E0,-4.748425598E0,1.652413788E0,7.559636974E0
9.803573846E2,6.096821594E0,-5.803431702E0,2.824626160E0,8.878601580E0
9.805577226E2,1.004441254E1,-7.135062561E0,5.501060486E0,1.349299846E1
9.807580615E2,4.750521240E0,-4.346960449E0,6.854246521E-1,6.475594502E0
9.809583995E2,9.568701782E0,-3.941902771E0,2.341131592E-1,1.035149555E1
9.811587375E2,9.291627960E0,-5.061873779E0,2.026036835E0,1.077319551E1
9.813590755E2,4.979544983E0,-2.252366180E0,1.632355499E0,5.703823816E0
9.815594145E2,8.358618164E0,-8.770711212E0,3.319347382E0,1.256224263E1
9.817597522E2,1.286664368E1,-3.741319885E0,-2.054926758E0,1.355620588E1
9.819600903E2,2.431693268E0,-5.838009796E0,6.809339905E-1,6.360751656E0
9.821604283E2,1.205098984E1,-5.508993988E0,1.247954865E0,1.330912327E1
9.823607662E2,7.343728638E0,-6.049519958E0,-2.905458069E-1,9.519005142E0
9.825611053E2,5.789810028E0,-5.464686127E0,2.008523254E0,8.210898872E0
9.827614435E2,9.322763214E0,-1.037717056E1,-2.218686218E0,1.412523102E1
9.829617815E2,8.787775726E0,-2.369123383E0,-1.979184265E0,9.314232023E0
9.831621195E2,8.985215149E0,-3.841611328E0,-9.533674622E-1,9.818399991E0
9.833624585E2,1.088835754E1,-3.735631714E0,1.658551025E0,1.163022209E1
9.835627965E2,5.704337769E0,-3.787424011E0,1.119821320E0,6.938158964E0
9.837631351E2,6.611152039E0,-7.946225739E0,-2.260299683E-2,1.033684409E1
9.839634731E2,1.188288940E1,-3.165916443E0,7.361691284E-1,1.231941689E1
9.841638121E2,4.188440094E0,-5.497318268E0,8.041278076E-1,6.957741019E0
9.843641501E2,1.446531921E1,-4.819378052E0,9.377998352E-1,1.527584149E1
9.845644881E2,7.044051819E0,-6.317313080E0,-4.433779907E-1,9.472259214E0
9.847648259E2,5.177583160E0,-4.950205994E0,1.605112152E0,7.340864512E0
9.849651649E2,1.086605392E1,-7.809859314E0,9.819580078E-2,1.338187852E1
9.851655029E2,9.608668671E0,-3.626209259E0,-1.783990173E0,1.042394015E1
9.853658409E2,4.968018951E0,-5.744154968E0,1.573527832E0,7.755805467E0
9.855661789E2,1.658116928E1,-8.374335480E0,4.313280487E0,1.907010902E1
9.857665175E2,6.174210663E0,-5.184468842E0,2.616409149E0,8.476154276E0
9.859668555E2,5.812562714E0,-4.862189026E0,1.575473785E0,7.740083015E0
9.861671935E2,8.782686310E0,-9.108109589E0,3.824846191E0,1.321827097E1
9.863675315E2,4.962031403E0,-3.370989990E0,1.031355286E0,6.086790852E0
9.865678695E2,1.012599289E1,-5.509892120E0,2.625540161E-1,1.153098338E1
9.867682081E2,9.099128265E0,-3.747606812E0,4.426894226E0,1.079055534E1
9.869685461E2,7.585176544E0,-3.042123871E0,3.290158081E-1,8.179099721E0
9.871688841E2,6.517746277E0,-7.574099579E0,-3.727249146E-1,9.999346220E0
9.873692221E2,1.112920670E1,-4.537514191E0,-2.618055725E-1,1.202151483E1
9.875695601E2,3.529360657E0,-5.291645966E0,-1.890568542E-1,6.363461807E0
9.877698988E2,1.808973221E1,-4.016447754E0,-2.790497131E0,1.873918723E1
9.879702377E2,6.365961914E0,-5.462889862E0,2.903961182E-1,8.393626549E0
9.881705758E2,5.413492584E0,-5.040168915E0,1.507814484E0,7.548689235E0
9.883709138E2,1.199635345E1,-1.121782242E1,-1.860630798E-1,1.642518358E1
9.885712517E2,8.993448029E0,-3.020419006E0,-1.177451477E0,9.559886526E0
9.887715890E2,5.614075470E0,-5.214256897E0,9.867480469E-1,7.725282524E0
9.889719280E2,1.513921783E1,-9.345216522E0,4.585264893E0,1.837263298E1
9.891722660E2,6.265520782E0,-3.044219513E0,-8.192463684E-1,7.013928124E0
9.893726040E2,6.999594269E0,-5.182073822E0,7.057823181E-1,8.737639138E0
9.895729420E2,9.911938019E0,-5.335055695E0,1.783541107E0,1.139694492E1
9.897732811E2,5.674100647E0,-2.870879974E0,-3.806584167E-1,6.370421557E0
9.899736191E2,1.074675201E1,-4.529580688E0,-1.286873932E0,1.173310805E1
9.901739581E2,8.846304016E0,-5.529950409E0,-5.638774109E-1,1.044774636E1
9.903742961E2,5.376968536E0,-3.537443848E0,1.515298920E0,6.612218269E0
9.905746341E2,9.094338226E0,-8.206684113E0,-7.967930603E-1,1.227564789E1
9.907749720E2,1.254376511E1,-4.460574188E0,-4.559518433E0,1.407238336E1
9.909753100E2,3.028951263E0,-5.654641113E0,-6.132746887E-1,6.444037377E0
9.911756480E2,1.577883774E1,-8.507259064E0,9.553134155E-1,1.795154035E1
9.913759870E2,7.124135284E0,-4.896767120E0,1.712438965E0,8.812722564E0
9.915763250E2,5.797444153E0,-5.279970245E0,9.873468018E-1,7.903372584E0
9.917766630E2,8.268056488E0,-1.000938538E1,4.359234924E0,1.369494370E1
9.919770010E2,5.837560730E0,-3.708538055E0,1.933978271E-1,6.918653952E0
9.921773390E2,8.684041443E0,-4.256698151E0,4.221221924E-2,9.671289304E0
9.923776770E2,9.494007111E0,-4.153113556E0,9.813592529E-1,1.040901480E1
9.925780160E2,5.906417542E0,-3.087030487E0,1.832639008E0,6.911880434E0
9.927783533E2,6.631509705E0,-8.289911041E0,3.064128113E-1,1.062042536E1
9.929786912E2,1.264240997E1,-1.356479187E0,-1.614093475E0,1.281701461E1
9.931790293E2,3.431613922E0,-4.676874390E0,5.944139099E-1,5.831162497E0
9.933793673E2,1.090632019E1,-5.825735321E0,-1.291813660E-1,1.236542357E1
9.935797052E2,6.821315002E0,-6.965914307E0,-2.228565674E0,1.000104022E1
9.937800436E2,6.041586456E0,-4.593198395E0,1.832938385E0,7.807554132E0
9.939803816E2,1.083117645E1,-9.198222198E0,-1.141376495E0,1.425568011E1
9.941807196E2,1.037866745E1,-3.634292450E0,-2.121089172E0,1.119927850E1
9.943810576E2,4.778812408E0,-6.025869141E0,1.610650635E0,7.857629566E0
9.945813966E2,1.753049515E1,-7.815098419E0,2.947670288E0,1.941861951E1
9.947817340E2,7.483537903E0,-5.112019501E0,1.626218262E0,9.207641867E0
9.949820720E2,7.775430908E0,-4.849764862E0,1.613644409E0,9.304912321E0
9.951824100E2,9.230255585E0,-9.584419098E0,1.937121735E0,1.344660359E1
9.953827480E2,4.556225281E0,-4.161047058E0,8.714877319E-1,6.231612335E0
9.955830860E2,8.040529633E0,-4.964276733E0,4.096980286E-1,9.458436062E0
9.957834246E2,1.108624603E1,-2.442021790E0,-7.873626709E-1,1.137929090E1
9.959837626E2,5.574258270E0,-4.222120056E0,1.597777405E0,7.172973279E0
9.961841006E2,6.429729309E0,-8.484356689E0,1.782792664E-1,1.064694843E1
9.963844386E2,1.256112900E1,-3.445984039E0,-3.443139954E0,1.347263821E1
9.965847766E2,3.231031036E0,-4.714595947E0,2.679428101E-2,5.715565977E0
9.967851148E2,1.448552719E1,-4.556075592E0,1.015787659E0,1.521907183E1
9.969854527E2,6.468498688E0,-6.597530365E0,2.095642090E-2,9.239552011E0
9.971857908E2,5.269791412E0,-5.448968811E0,1.835632782E0,7.799455772E0
9.973861288E2,1.046144531E1,-1.142798538E1,7.469467163E-2,1.549342658E1
9.975864667E2,1.101080292E1,-3.282673645E0,-2.330653381E0,1.172372263E1
9.977868048E2,4.944966888E0,-4.722080383E0,1.549577637E0,7.010843853E0
9.979871428E2,1.749202515E1,-7.381300507E0,1.192120972E0,1.902303060E1
9.981874807E2,6.401587830E0,-3.291954346E0,2.046993256E0,7.483813970E0
9.983878188E2,6.759044495E0,-4.867128754E0,2.102527771E0,8.590357840E0
9.985881568E2,1.019829254E1,-6.763235779E0,2.152523804E0,1.242497033E1
9.987884947E2,5.224286041E0,-2.959944763E0,-5.484594727E-1,6.029531112E0
9.989888327E2,8.723259888E0,-4.651277618E0,-8.876541138E-1,9.925602066E0
9.991891707E2,1.144175674E1,-3.491190033E0,1.387015686E0,1.204267486E1
9.993895087E2,6.503675537E0,-3.264261932E0,1.450633392E0,7.420076731E0
9.995898467E2,6.663543091E0,-7.858957214E0,-3.791615295E-1,1.031066334E1
9.997901848E2,1.367511246E1,-2.617756348E0,2.135459290E0,1.408621792E1
9.999905227E2,3.074007568E0,-3.935615845E0,-5.757028198E-1,5.026930310E0
1.000190861E3,1.421968002E1,-4.083208923E0,-4.361929321E-1,1.480074861E1
1.000391199E3,7.412884827E0,-5.896538086E0,4.924758911E-1,9.484859269E0
1.000591537E3,6.335126038E0,-4.477189636E0,9.849517822E-1,7.819794049E0
1.000791875E3,9.539961548E0,-9.684860229E0,1.304537201E0,1.365683716E1
1.000992213E3,9.409882050E0,-3.985611877E0,-7.909552002E-1,1.024971182E1
1.001192551E3,5.846841431E0,-5.393434296E0,5.785469055E-1,7.975550435E0
1.001392889E3,1.390653122E1,-7.602989502E0,1.964215393E0,1.597044777E1
1.001593227E3,5.728737030E0,-5.094206543E0,1.884730682E0,7.894401688E0
1.001793565E3,6.140830078E0,-5.012027435E0,1.331032104E0,8.037528197E0
1.001993902E3,1.068463120E1,-6.001020813E0,7.617658997E-1,1.227818724E1
1.002194241E3,5.538632355E0,-2.982098694E0,1.028361511E-1,6.291258718E0
1.002394579E3,1.013033386E1,-4.606371002E0,-6.897656250E-1,1.114980245E1
1.002594916E3,1.113384705E1,-5.328918457E0,7.855664063E-1,1.236838860E1
1.002795255E3,4.358636169E0,-2.779569855E0,2.679428101E-1,5.176438079E0
1.002995593E3,8.362210693E0,-6.608607330E0,2.097288666E0,1.086272886E1
1.003195931E3,1.022014709E1,-5.130580902E0,-3.035687256E-1,1.143968623E1
1.003396269E3,4.471800842E0,-5.116809540E0,1.152603149E-2,6.795504064E0
1.003596607E3,1.378468460E1,-3.808530121E0,3.794609070E-1,1.430616726E1
1.003796945E3,5.902675323E0,-6.361471252E0,-2.122286682E0,8.933867764E0
1.003997282E3,5.961952057E0,-4.883295135E0,1.128203888E0,7.788728248E0
1.004197620E3,1.174053543E1,-7.888745270E0,9.967771912E-1,1.417977570E1
1.004397958E3,7.080126801E0,-3.455115051E0,-5.508095856E0,9.612758994E0
1.004598296E3,8.271050262E0,-4.900509338E0,1.213676147E0,9.690112177E0
1.004798634E3,1.564606384E1,-8.444389801E0,2.586770782E0,1.796659166E1
1.004998972E3,7.191944275E0,-4.308640137E0,-1.854643250E-1,8.385871410E0
1.005199310E3,5.986201630E0,-5.558840332E0,1.916165314E0,8.390888231E0
1.005399648E3,1.123743164E1,-2.356100464E0,4.984933777E0,1.251721391E1
1.005599986E3,3.885320435E0,-4.918022919E0,-2.681823120E0,6.817245746E0
1.005800324E3,8.889564056E0,-2.130070496E0,-8.343649292E-1,9.179200088E0
1.006000661E3,9.832602997E0,-3.176544342E0,1.247805176E0,1.040805137E1
1.006200999E3,6.378835144E0,-2.495011597E0,1.388961639E0,6.988836462E0
1.006401337E3,7.783663788E0,-6.668782196E0,-1.714534607E0,1.039219452E1
1.006601675E3,1.213212112E1,-1.893562317E-1,-8.786727905E-1,1.216537236E1
1.006802012E3,5.086572418E0,-5.116210785E0,-1.305435333E0,7.331643279E0
1.007002350E3,9.819729767E0,-3.207679596E0,1.165626068E0,1.039591195E1
1.007202688E3,1.115255814E1,-5.061724091E0,-2.373913422E0,1.247541858E1
1.007403026E3,5.879174194E0,-4.372407532E0,1.250798950E0,7.432841640E0
1.007603363E3,8.020621033E0,-6.658004608E0,-1.645079041E-1,1.042527937E1
1.007803701E3,1.220247482E1,-2.651286621E0,-3.723057861E0,1.303038266E1
1.008004039E3,5.092410278E0,-5.192252655E0,1.163530426E0,7.365183849E0
1.008204377E3,1.297831146E1,-4.477189636E0,1.793570251E0,1.384552959E1
1.008404715E3,6.030509491E0,-8.239166565E0,-5.433700562E-2,1.021047809E1
1.008605053E3,6.749165039E0,-4.754263458E0,2.343825989E0,8.581827895E0
1.008805392E3,1.045366150E1,-8.939260712E0,-3.768114166E0,1.426142017E1
1.009005729E3,9.137448578E0,-1.211131439E0,-1.965412903E0,9.424577113E0
1.009206067E3,6.394402771E0,-4.584217072E0,6.872209167E-1,7.897829167E0
1.009406405E3,1.528471527E1,-5.037175140E0,1.030157776E0,1.612627915E1
1.009606743E3,6.758296051E0,-2.538271637E0,9.131011963E-1,7.276753549E0
1.009807081E3,6.553821259E0,-5.711373138E0,8.619076538E-1,8.735859489E0
1.010007419E3,1.187061493E1,-1.934127960E0,6.036946106E-1,1.204229201E1
1.010207756E3,3.774401093E0,-4.836741943E0,6.456074524E-1,6.169034383E0
1.010408094E3,8.926537170E0,-5.173092499E0,6.750961304E-2,1.031738869E1
1.010608432E3,1.245035934E1,-5.258564758E0,7.988887024E-1,1.353891333E1
1.010808770E3,5.106031952E0,-3.320544891E0,1.078058167E0,6.185449869E0
1.011009108E3,7.017407227E0,-7.693251801E0,5.774990845E-1,1.042898042E1
1.011209445E3,1.368080063E1,-3.901037750E0,1.123264160E0,1.427039326E1
1.011409783E3,3.663781128E0,-5.121300201E0,2.085612946E0,6.633309074E0
1.011610121E3,1.474074646E1,-6.023474121E0,-1.178648987E0,1.596750012E1
1.011810459E3,1.014754807E1,-4.971910858E0,-9.219328308E-1,1.133766243E1
1.012010796E3,8.879235535E0,-3.689228210E0,3.433110809E0,1.020967572E1
1.012211134E3,4.950205994E0,-6.942562866E-1,7.455995178E0,8.976546957E0
1.012411472E3,4.242926788E0,2.052681427E0,7.027885437E0,8.462097996E0
1.012611809E3,2.389930115E0,4.891977081E0,8.818012848E0,1.036342397E1
1.012812147E3,2.908152466E0,3.734883270E0,1.424273209E1,1.500873483E1
1.013012485E3,4.477039948E0,8.358618164E-1,6.136189728E0,7.641686728E0
1.013212823E3,6.660699005E0,-2.983445892E0,3.103047180E0,7.930621819E0
1.013413161E3,1.131407227E1,-2.474055176E0,8.480764160E0,1.435453033E1
1.013613498E3,5.045408020E0,-2.801723785E0,4.117936707E-1,5.785790550E0
1.013813836E3,1.296753387E1,-4.678820343E0,-1.154100037E-1,1.378628355E1
1.014014174E3,8.821006622E0,-6.532415771E0,1.775757294E0,1.111916938E1
1.014214511E3,4.790039062E0,-3.351979523E0,2.182012482E0,6.240306035E0
1.014414849E3,9.303453369E0,-6.325845337E0,-2.773731995E-1,1.125377713E1
1.014615187E3,1.188693100E1,-4.060156860E0,-3.442990265E0,1.302452242E1
1.014815524E3,4.034560089E0,-5.543272705E0,1.114881592E0,6.946114623E0
1.015015861E3,1.658386368E1,-6.546336823E0,2.846630402E0,1.805498172E1
1.015216199E3,5.892795868E0,-6.451733551E0,5.002597046E-1,8.752152234E0
1.015416537E3,3.945495300E0,-6.161038055E0,1.451082458E0,7.458616721E0
1.015616874E3,1.156779465E1,-8.990903320E0,4.129911804E0,1.522190484E1
1.015817212E3,3.848646698E0,-4.266128540E0,-6.686595154E-1,5.784378936E0
1.016017550E3,1.155387360E1,-5.302423553E0,4.287084961E0,1.341591548E1
1.016217887E3,9.740095367E0,-7.451055450E0,2.846929779E0,1.258938816E1
1.016418225E3,4.717290344E0,-2.390379181E0,1.547631683E0,5.510163759E0
1.016618562E3,8.959618378E0,-9.348359985E0,1.894759827E0,1.308650873E1
1.016818901E3,1.242700790E1,-4.635560303E0,-6.515950012E0,1.477756913E1
1.017019239E3,4.269571381E0,-6.759942627E0,1.504371643E0,8.135674412E0
1.017219576E3,1.412522644E1,-7.554041290E0,1.323397980E0,1.607286359E1
1.017419914E3,6.806645508E0,-5.883215790E0,2.299218750E-1,8.999750839E0
1.017620252E3,4.008963318E0,-6.347400513E0,2.218536530E0,7.828357713E0
1.017820589E3,8.281229095E0,-1.197494797E1,1.042581940E0,1.459675002E1
1.018020927E3,8.475225677E0,-1.965562592E0,-1.970652008E0,8.920558050E0
1.018221265E3,6.188431091E0,-5.633085938E0,2.823278961E0,8.831717876E0
1.018421602E3,1.449540665E1,-6.816375275E0,3.515140228E0,1.639926817E1
1.018621940E3,6.000122681E0,-2.837200012E0,1.344354401E0,6.771887835E0
1.018822277E3,6.764582977E0,-8.187973022E0,1.359772339E0,1.070754248E1
1.019022615E3,9.201365662E0,-5.679040375E0,2.479593658E0,1.109346719E1
1.019222953E3,4.691244507E0,-4.990621948E0,5.852828979E-1,6.874346407E0
1.019423290E3,1.235830078E1,-6.076164551E0,6.902146912E-1,1.378853764E1
1.019623628E3,7.233857117E0,-6.099066925E0,-1.444196777E0,9.571468564E0
1.019823965E3,4.249812469E0,-5.382057953E0,2.232457581E0,7.211887456E0
1.020024303E3,1.003363495E1,-1.055425232E1,-1.589694214E-1,1.456335619E1
1.020224641E3,8.535101166E0,-3.779191132E0,5.938151550E-1,9.353226928E0
1.020424978E3,6.474336548E0,-5.229225769E0,1.541195068E0,8.463871343E0
1.020625316E3,1.811757431E1,-1.122470810E1,5.382956085E0,2.198219250E1
1.020825653E3,5.637127533E0,-3.348386993E0,2.086211700E0,6.880492827E0
1.021025991E3,5.994733887E0,-7.096293182E0,2.572999420E0,9.639218709E0
1.021226328E3,1.115330658E1,-3.256029053E0,5.604495392E0,1.289993571E1
1.021426666E3,4.007915497E0,-3.454815674E0,1.119971008E0,5.408647985E0
1.021627003E3,1.080872314E1,-5.803431702E0,3.667074280E0,1.280452066E1
1.021827340E3,7.135811005E0,-5.241949310E0,1.362766113E0,8.958513423E0
1.022027679E3,4.611759796E0,-3.573069763E0,2.408790894E0,6.311689910E0
1.022228016E3,1.052491333E1,-6.586004333E0,1.794169006E0,1.254465209E1
1.022428353E3,1.165296753E1,-2.423011322E0,7.830216980E-1,1.192794027E1
1.022628691E3,3.976331177E0,-5.012775879E0,2.484084320E0,6.863658394E0
1.022829029E3,1.524519745E1,-7.039710846E0,2.392175446E0,1.696160598E1
1.023029366E3,7.327711945E0,-4.202810211E0,3.853885803E0,9.285010059E0
1.023229704E3,4.446503448E0,-6.435267792E0,2.495310974E0,8.210398366E0
1.023430041E3,8.434210968E0,-8.022566986E0,6.889423370E0,1.352633173E1
1.023630379E3,5.656437378E0,-3.596421204E0,1.372196503E0,6.841962622E0
1.023830715E3,8.578361206E0,-5.920188904E0,8.455915833E-1,1.045714793E1
1.024031053E3,7.671696625E0,-5.104535065E0,1.309027863E0,9.307242410E0
1.024231390E3,8.230185242E0,-2.677482147E0,1.919757843E0,8.865118721E0
1.024431728E3,6.247558136E0,-1.008842102E1,1.815724182E0,1.200437735E1
1.024632066E3,1.142648849E1,-3.403472443E0,-1.998943176E0,1.208900483E1
1.024832403E3,2.821482697E0,-5.699098663E0,-3.287164307E-1,6.367773918E0
1.025032741E3,1.188603287E1,-6.540349274E0,2.770738220E0,1.384669405E1
1.025233078E3,6.728208618E0,-7.740403748E0,-4.727169800E-1,1.026674743E1
1.025433416E3,4.463118896E0,-4.795577545E0,1.929188232E0,6.829257757E0
1.025633753E3,9.648186493E0,-9.166937256E0,2.339634705E-1,1.331070923E1
1.025834092E3,1.027568161E1,-3.113824768E0,-1.699116669E0,1.087071914E1
1.026034429E3,4.418062592E0,-5.592969360E0,2.993774414E0,7.730670642E0
1.026234767E3,1.785472092E1,-9.077273712E0,2.466271362E0,2.018094278E1
1.026435104E3,6.324049072E0,-4.997657318E0,2.260149994E0,8.371287436E0
1.026635442E3,5.922284546E0,-5.835315399E0,1.567240906E0,8.460532141E0
1.026835779E3,8.625513153E0,-8.164771271E0,5.167254639E0,1.295235452E1
1.027036116E3,4.062402191E0,-4.437971191E0,1.694476318E0,6.250595960E0
1.027236454E3,9.876162415E0,-6.156697083E0,8.891510010E-2,1.163835937E1
1.027436792E3,7.920479279E0,-5.281167755E0,-9.011260986E-2,9.520128420E0
1.027637128E3,6.165229340E0,-3.367846527E0,2.757266235E0,7.546851008E0
1.027837467E3,6.460864563E0,-9.255103912E0,2.592009888E0,1.158094273E1
1.028037804E3,1.155043076E1,-4.908143463E0,5.275030518E-1,1.256107409E1
1.028238142E3,2.955603790E0,-5.967340851E0,2.364932098E0,7.066657939E0
1.028438479E3,1.508877274E1,-6.997199249E0,3.151995392E0,1.692828801E1
1.028638817E3,5.791755981E0,-6.256240082E0,1.916913757E0,8.738394341E0
1.028839153E3,5.303471375E0,-5.371280365E0,2.713706818E0,8.021325705E0
1.029039491E3,8.391998749E0,-1.308474014E1,3.604953461E0,1.595718512E1
1.029239828E3,7.930059357E0,-3.876189423E0,-2.650987244E-1,8.830683053E0
1.029440166E3,6.986122284E0,-4.757855988E0,1.424138489E0,8.571538287E0
1.029640503E3,1.220097794E1,-5.052892456E0,2.536175995E0,1.344722177E1
1.029840841E3,5.718109131E0,-3.338058472E0,1.412462769E0,6.770115026E0
1.030041178E3,6.485712891E0,-7.124284973E0,9.598040771E-1,9.682000410E0
1.030241516E3,1.086530548E1,-4.444707184E0,3.487747192E-2,1.173931436E1
1.030441854E3,3.865411835E0,-4.028572540E0,-8.173004150E-1,5.642586759E0
1.030642191E3,1.058523788E1,-6.738387451E0,1.591640167E0,1.264857482E1
1.030842529E3,5.885910187E0,-6.647376709E0,-1.358125763E0,8.981985383E0
1.031042866E3,5.204078064E0,-5.241799622E0,2.329306183E0,7.744969920E0
1.031243204E3,8.547225952E0,-8.296647034E0,4.673281860E-1,1.192089842E1
1.031443541E3,1.098041611E1,-5.402864685E0,-1.076411591E0,1.228491541E1
1.031643879E3,3.625760193E0,-6.024821320E0,1.442400513E0,7.178100595E0
1.031844218E3,1.676378952E1,-1.013662079E1,3.321742401E0,1.986981864E1
1.032044555E3,6.244115295E0,-5.072351990E0,2.579585724E0,8.448194661E0
1.032244893E3,6.319857788E0,-4.335584106E0,2.041454773E0,7.931294320E0
1.032445230E3,6.042783966E0,-1.269031036E1,1.808239746E0,1.417141299E1
1.032645568E3,7.955207062E0,-2.266436920E0,1.626218262E0,8.430103294E0
1.032845905E3,8.921896820E0,-4.607867889E0,-5.863307190E-1,1.005865165E1
1.033046242E3,1.016551071E1,-4.293521576E0,2.101929016E0,1.123343408E1
1.033246580E3,5.489384766E0,-3.721411285E0,1.688788147E0,6.843555543E0
1.033446917E3,6.711593170E0,-8.782536621E0,8.216413879E-1,1.108393102E1
1.033647255E3,1.114013397E1,-4.798721008E0,5.001100159E-1,1.214003370E1
1.033847595E3,4.188140717E0,-4.344266052E0,1.362167358E-1,6.035869879E0
1.034047932E3,1.137334900E1,-6.575226746E0,4.031117249E-1,1.314340798E1
1.034248270E3,5.144951019E0,-6.151607666E0,-1.418001251E0,8.143925676E0
1.034448607E3,5.305567017E0,-5.680836639E0,2.626288605E0,8.204775325E0
1.034648945E3,9.290879517E0,-1.065349594E1,2.451901245E-1,1.413780521E1
1.034849280E3,7.058421936E0,-5.452112274E0,-4.814138947E0,1.013522483E1
1.035049619E3,6.323300629E0,-5.098996582E0,2.053130493E0,8.378498780E0
1.035249957E3,1.528097305E1,-1.109432922E1,1.821412354E0,1.897128940E1
1.035450293E3,6.212081909E0,-4.975802765E0,1.403331757E0,8.081949939E0
1.035650632E3,6.138884125E0,-5.544320526E0,2.331701202E0,8.594313172E0
1.035850970E3,9.905351715E0,-7.296876068E0,3.763174438E0,1.286553049E1
1.036051307E3,5.014721832E0,-4.340523834E0,7.975415039E-1,6.680093911E0
1.036251644E3,8.826545105E0,-4.391118622E0,-2.339634705E-1,9.861265646E0
1.036451982E3,1.102921463E1,-5.611680450E0,1.360221405E0,1.244928653E1
1.036652320E3,5.714666290E0,-3.347339172E0,1.403182068E0,6.769860431E0
1.036852658E3,7.266788635E0,-8.712931366E0,2.509830780E0,1.161983823E1
1.037052995E3,9.757010193E0,-4.107608185E0,-4.676125946E0,1.157315198E1
1.037253333E3,3.834875336E0,-5.551355896E0,2.507286072E-1,6.751791315E0
1.037453670E3,1.121887024E1,-6.010900269E0,1.231638794E0,1.278713829E1
1.037654008E3,6.274801483E0,-7.287146301E0,-8.589138794E-1,9.654707034E0
1.037854345E3,5.366789703E0,-4.653522949E0,2.092049561E0,7.405023898E0
1.038054683E3,9.970316620E0,-1.008797195E1,1.643582153E-1,1.418454812E1
1.038255021E3,9.645641785E0,-4.176764374E0,-1.900298309E0,1.068152141E1
1.038455358E3,4.197571106E0,-6.006559296E0,1.409019928E0,7.462150824E0
1.038655696E3,1.551837936E1,-7.056176605E0,3.551065521E0,1.741320742E1
1.038856033E3,6.393205261E0,-5.474116516E0,2.178419952E0,8.693936889E0
1.039056371E3,5.930816803E0,-5.610632629E0,2.189945984E0,8.452789472E0
1.039256709E3,6.318959656E0,-9.583970032E0,5.746400299E0,1.283755620E1
1.039457046E3,6.530170441E0,-2.762954407E0,1.162183228E0,7.185242716E0
1.039657384E3,9.659263458E0,-5.023703156E0,-5.637277222E-1,1.090214442E1
1.039857721E3,8.672964478E0,-4.745431824E0,-2.999761963E-1,9.890875681E0
1.040058059E3,5.862109680E0,-3.442241821E0,2.059118042E0,7.103050455E0
1.040258397E3,5.908213806E0,-8.823102264E0,3.950285339E-1,1.062591980E1
1.040458734E3,1.251906647E1,-5.141208801E0,-1.568438416E0,1.362420832E1
1.040659072E3,3.386856995E0,-5.704487457E0,3.182382202E-1,6.641780862E0
1.040859408E3,1.437475754E1,-8.587043152E0,1.304237823E0,1.679499928E1
1.041059746E3,6.071524200E0,-6.307583313E0,1.720222778E0,8.922341608E0
1.041260084E3,5.612279205E0,-5.178481293E0,2.788401489E0,8.129546681E0
1.041460421E3,8.009544067E0,-1.190010361E1,4.010460205E0,1.489459812E1
1.041660759E3,7.237449646E0,-3.659440155E0,7.696994019E-1,8.146448109E0
1.041861097E3,6.775659943E0,-4.641547852E0,9.939331055E-1,8.272934010E0
1.042061434E3,1.160012741E1,-4.599335632E0,2.313439178E0,1.269129013E1
1.042261773E3,5.771997070E0,-3.059936829E0,2.424059143E0,6.968158028E0
1.042462110E3,8.098608856E0,-7.500752106E0,1.372645569E0,1.112352927E1
1.042662447E3,1.033316208E1,-4.922363892E0,7.279362488E-1,1.146881842E1
1.042862785E3,2.736309814E0,-5.069657593E0,-8.593629456E-1,5.824716661E0
1.043063123E3,1.184337158E1,-6.136638794E0,7.794291687E-1,1.336156039E1
1.043263461E3,6.260281677E0,-7.690707092E0,-4.200265503E-1,9.925448330E0
1.043463798E3,5.037324829E0,-6.107898560E0,1.496737518E0,8.057374848E0
1.043664136E3,8.030949554E0,-9.402098236E0,5.020559692E-1,1.237528433E1
1.043864473E3,9.892029419E0,-3.401077423E0,-2.220332794E0,1.069343029E1
1.044064811E3,5.381159821E0,-5.668412476E0,2.753673706E0,8.286766552E0
1.044265148E3,1.526465698E1,-9.511820068E0,2.504292297E0,1.815918373E1
1.044465486E3,6.648274841E0,-3.353326721E0,2.094893646E0,7.735175360E0
1.044665824E3,5.446274414E0,-6.010002136E0,1.876348114E0,8.324825098E0
1.044866161E3,8.522078247E0,-9.191037140E0,2.808609467E0,1.284481485E1
1.045066499E3,5.488336945E0,-3.149151306E0,7.806266785E-1,6.375607765E0
1.045266836E3,8.338709564E0,-4.686454468E0,1.737886047E-1,9.566981507E0
1.045467174E3,1.083836151E1,-9.146878967E0,5.548960876E0,1.522913136E1
1.045667512E3,4.530778198E0,-2.110760651E0,1.092877350E0,5.116409142E0
1.045867848E3,1.206790466E1,-1.085797073E1,1.412163391E0,1.629490892E1
1.046068187E3,1.145373184E1,-2.785856781E0,-5.424569550E0,1.297593642E1
1.046268524E3,4.877756653E0,-6.007607117E0,2.206112366E0,8.046787247E0
1.046468862E3,1.729847763E1,-8.777447205E0,2.015708313E0,1.950240979E1
1.046669200E3,6.006409607E0,-4.055366821E0,2.210004272E0,7.576745694E0
1.046869537E3,5.720953217E0,-6.166726227E0,1.179996185E0,8.494127916E0
1.047069875E3,9.496851196E0,-5.611680450E0,4.814887390E0,1.203595782E1
1.047270212E3,2.388283539E0,-4.025878143E0,5.062472534E-1,4.708277750E0
1.047470550E3,1.070019882E1,-5.022355957E0,-1.855541382E0,1.196500514E1
1.047670887E3,7.794291687E0,-5.008883972E0,7.201524353E-1,9.292928552E0
1.047871224E3,6.045927429E0,-3.776945801E0,1.400787048E0,7.265036987E0
1.048071562E3,8.379125519E0,-9.294771423E0,1.823807373E0,1.264629565E1
1.048271899E3,1.185549637E1,-4.200415192E0,-5.268743591E0,1.363656632E1
1.048472237E3,4.310436401E0,-5.784121857E0,2.940335541E0,7.789833164E0
1.048672574E3,1.421009995E1,-6.442752228E0,1.468745728E0,1.567141381E1
1.048872913E3,8.394992523E0,-6.001918945E0,7.782316589E-1,1.034913402E1
1.049073250E3,5.786067810E0,-6.721322937E0,2.905308380E0,9.332501246E0
1.049273588E3,9.070388031E0,-1.199455719E1,2.645149384E0,1.526886232E1
1.049473925E3,6.785539398E0,-3.162174225E0,5.722599792E-1,7.508020527E0
1.049674263E3,8.534352722E0,-3.511996765E0,5.942642212E-1,9.247834754E0
1.049874599E3,1.509476028E1,-7.068600769E0,3.444337463E0,1.701999898E1
1.050074937E3,4.467908936E0,-4.482578430E0,7.108717346E-1,6.368756414E0
1.050275274E3,6.837182007E0,-6.031108246E0,1.081950073E0,9.181064232E0
1.050475612E3,1.195294373E1,-3.930077362E0,4.015399933E0,1.320764205E1
1.050675950E3,3.162473602E0,-3.847000122E0,1.500330048E0,5.201119060E0
1.050876288E3,1.320913147E1,-3.598367157E0,1.099313965E0,1.373455101E1
1.051076626E3,8.486452332E0,-7.055428162E0,2.393522644E-1,1.103885090E1
1.051276963E3,5.019362183E0,-4.516258392E0,1.639390869E0,6.948250788E0
1.051477301E3,1.031939072E1,-7.351063385E0,-8.449928284E-1,1.269810894E1
1.051677638E3,1.086620361E1,-3.396437073E0,-3.166365509E0,1.181676928E1
1.051877975E3,5.355263672E0,-6.765780487E0,1.981429596E0,8.853287403E0
1.052078313E3,1.593107117E1,-8.322094116E0,3.306324463E0,1.827534023E1
1.052278651E3,6.936275940E0,-5.170996857E0,1.032702484E0,8.713071033E0
1.052478987E3,6.447093201E0,-6.054759064E0,-2.287243652E-1,8.847453469E0
1.052679326E3,7.876620483E0,-7.623047791E0,2.937641144E0,1.134820441E1
1.052879662E3,4.315525818E0,-4.164789276E0,2.247276764E0,6.404645631E0
1.053080000E3,9.471853180E0,-4.829706573E0,5.384303284E-1,1.064574917E1
1.053280337E3,1.028047165E1,-3.753744049E0,1.085243225E-1,1.094488324E1
1.053480675E3,4.976700897E0,-3.738026733E0,1.079555054E0,6.317106521E0
1.053681012E3,7.215295715E0,-8.899443512E0,6.002517700E-1,1.147261475E1
1.053881351E3,1.108040817E1,-2.756068726E0,-3.768563232E0,1.202386913E1
1.054081688E3,4.100423126E0,-4.949756927E0,2.417472839E-1,6.432107369E0
1.054282026E3,1.096679443E1,-7.039411469E0,-1.751208344E0,1.314878795E1
1.054482363E3,6.214776306E0,-4.514911194E0,-2.124382324E0,7.969997985E0
1.054682701E3,5.207670593E0,-5.518424377E0,1.210532684E0,7.683633906E0
1.054883037E3,1.054467224E1,-8.667575684E0,-2.000889130E0,1.379567100E1
1.055083375E3,8.674910431E0,-4.695585480E0,-3.477867737E0,1.045935744E1
1.055283712E3,4.054768066E0,-6.175408173E0,1.214424591E0,7.486764138E0
1.055484050E3,1.726345047E1,-9.436826019E0,2.116748199E0,1.978790111E1
1.055684387E3,7.396119690E0,-5.296885071E0,1.897304535E0,9.292972744E0
1.055884726E3,6.004763031E0,-4.976700897E0,1.421444092E0,7.927498608E0
1.056085063E3,9.424701233E0,-1.200473602E1,2.068698120E0,1.540188924E1
1.056285401E3,6.592291260E0,-4.091292114E0,7.303312683E-1,7.792968560E0
1.056485737E3,7.006479950E0,-5.935457153E0,7.280859375E-1,9.211434310E0
1.056686076E3,1.376402756E1,-8.322992249E0,-2.600093079E-1,1.608689713E1
1.056886413E3,7.386838989E0,-3.859124908E0,3.047662354E-1,8.339731277E0
1.057086751E3,5.696703644E0,-6.109096069E0,1.448986816E0,8.477797472E0
1.057287088E3,9.569599915E0,-4.147724762E0,3.835324402E0,1.111263139E1
1.057487426E3,3.272794189E0,-3.894601135E0,2.110610962E-2,5.087194244E0
1.057687763E3,1.205398361E1,-5.987399139E0,4.917274475E-1,1.346808321E1
1.057888101E3,6.892417145E0,-4.902904358E0,-1.641935577E0,8.616254272E0
1.058088438E3,5.613177338E0,-3.985611877E0,1.686093750E0,7.087719943E0
1.058288776E3,9.632918243E0,-8.061486053E0,-2.292333069E0,1.276853407E1
1.058489113E3,9.473948822E0,-3.556454315E0,-3.877686310E0,1.083699796E1
1.058689450E3,5.327870636E0,-5.916147308E0,1.403631134E0,8.084379064E0
1.058889788E3,1.678803909E1,-6.659501495E0,1.376537476E0,1.811303597E1
1.059090125E3,7.516768799E0,-4.507127380E0,2.112556915E0,9.015481524E0
1.059290463E3,5.356610870E0,-5.054089966E0,7.279362488E-1,7.400472727E0
1.059490800E3,8.461604004E0,-9.839638367E0,4.826114044E0,1.384588756E1
1.059691138E3,5.269492035E0,-4.427492981E0,2.012265472E0,7.170735857E0
1.059891475E3,8.638087006E0,-4.902155914E0,-5.197192383E-1,9.945742195E0
1.060091813E3,1.011087433E1,-4.107308807E0,1.615889740E0,1.103226473E1
1.060292150E3,5.993686066E0,-3.429218903E0,1.700164490E0,7.111566229E0
1.060492488E3,5.783223724E0,-8.761580200E0,1.166075134E0,1.056270304E1
1.060692825E3,1.211565536E1,-4.636907501E0,-3.368894348E0,1.340296479E1
1.060893163E3,2.713257751E0,-4.897665253E0,8.833131409E-1,5.668256757E0
1.061093500E3,1.290077271E1,-5.858966217E0,7.860154724E-1,1.419067447E1
1.061293838E3,6.328539734E0,-7.158713379E0,8.696914673E-2,9.555373150E0
1.061494175E3,5.289250946E0,-4.423152008E0,1.504371643E0,7.057165387E0
1.061694512E3,9.746531982E0,-8.705895996E0,-5.240602112E-1,1.307907297E1
1.061894849E3,1.021984772E1,-3.035088501E0,-4.229005737E0,1.146915599E1
1.062095186E3,5.143903198E0,-6.270310822E0,2.723137207E0,8.555233145E0
1.062295524E3,1.590921661E1,-9.922865295E0,3.072660370E0,1.900020186E1
1.062495861E3,7.243586884E0,-4.129313049E0,6.707551575E-1,8.364848455E0
1.062696199E3,5.356760559E0,-5.375920715E0,1.464105377E0,7.729101615E0
1.062896537E3,1.031819321E1,-9.308243408E0,3.792962494E0,1.440468920E1
1.063096875E3,6.119424591E0,-3.788920898E0,9.621990967E-1,7.261480979E0
1.063297212E3,7.601043549E0,-4.414170685E0,-7.306306458E-1,8.820123979E0
1.063497550E3,1.015308655E1,-3.014431458E0,1.444496155E-1,1.059211165E1
1.063697887E3,5.288652191E0,-3.306623840E0,1.199006653E0,6.351473858E0
1.063898224E3,7.357350311E0,-8.574020233E0,1.047371979E0,1.134642739E1
1.064098562E3,1.209963867E1,-3.480262756E0,-1.066681824E0,1.263531935E1
1.064298899E3,2.828667755E0,-6.050867157E0,6.494993591E-1,6.710901880E0
1.064499237E3,1.254256760E1,-5.825885010E0,-2.107617188E-1,1.383117343E1
1.064699574E3,5.434299316E0,-5.631289673E0,-2.370919647E0,8.177058910E0
1.064899912E3,5.489085388E0,-5.765710144E0,2.292931824E0,8.284383394E0
1.065100249E3,1.050695068E1,-1.135299133E1,-5.987548828E-2,1.546900158E1
1.065300587E3,9.871522064E0,-2.977907410E0,-1.459764404E0,1.041373096E1
1.065500924E3,4.754263458E0,-5.706732788E0,1.451830902E0,7.568198802E0
1.065701261E3,1.564561478E1,-9.029523010E0,3.388653259E0,1.837935033E1
1.065901599E3,7.613168335E0,-4.523293762E0,1.734742584E0,9.023848979E0
1.066101936E3,5.266647949E0,-5.378315735E0,1.895657959E0,7.762562712E0
1.066302274E3,9.638905792E0,-6.466253357E0,2.890788574E0,1.196150475E1
1.066502611E3,4.168381805E0,-3.097957764E0,1.900148621E0,5.530218256E0
1.066702949E3,1.087578369E1,-5.308411102E0,4.784051514E-1,1.211159654E1
1.066903286E3,8.125253448E0,-5.011578369E0,2.111808472E0,9.777289828E0
1.067103624E3,5.751190338E0,-2.875670013E0,1.599723358E0,6.626068454E0
1.067303961E3,9.389075317E0,-8.110434265E0,4.104464722E-1,1.241379658E1
1.067504299E3,1.039558228E1,-4.986131287E0,-4.375401306E0,1.233181952E1
1.067704636E3,3.744163971E0,-5.922134857E0,4.749623108E-1,7.022537597E0
1.067904973E3,1.489297989E1,-5.094206543E0,1.118174744E0,1.577980054E1
1.068105311E3,7.626790009E0,-6.104455719E0,-8.093669128E-1,9.802417062E0
1.068305648E3,5.596561890E0,-6.043233032E0,1.641935577E0,8.398697691E0
1.068505986E3,8.858279114E0,-1.217133957E1,1.122066650E0,1.509535191E1
1.068706323E3,7.972570953E0,-3.414250031E0,-4.376898193E-1,8.683925567E0
1.068906660E3,6.824159088E0,-5.010680237E0,1.651665344E0,8.625778927E0
1.069106997E3,1.506482254E1,-6.259832611E0,2.217039642E0,1.646358549E1
1.069307334E3,4.943320312E0,-4.726720734E0,1.326691132E0,6.966951555E0
1.069507672E3,6.481072540E0,-5.850134583E0,1.187480621E0,8.811270404E0
1.069708009E3,9.609417114E0,-5.463787994E0,2.914439392E0,1.143187795E1
1.069908348E3,4.403393097E0,-4.571792908E0,8.023315430E-2,6.348038950E0
1.070108685E3,1.011012589E1,-5.080734558E0,-4.439767456E-1,1.132367539E1
1.070309023E3,7.783364410E0,-5.825435944E0,2.258802795E-1,9.724581604E0
1.070509360E3,6.663543091E0,-3.558999023E0,1.460812225E0,7.694365011E0
1.070709698E3,7.342381439E0,-8.418044586E0,2.859054565E-1,1.117388839E1
1.070910035E3,1.212957642E1,-4.511618042E0,-2.358944550E0,1.315469273E1
1.071110373E3,3.062032471E0,-5.499413910E0,1.422042847E-2,6.294425981E0
1.071310710E3,1.281335449E1,-5.922883301E0,1.338666229E0,1.417937330E1
1.071511048E3,7.302564240E0,-7.467970276E0,-7.394622803E-2,1.044526173E1
1.071711385E3,4.816533966E0,-5.277126160E0,2.190844116E0,7.473075531E0
1.071911723E3,9.059460754E0,-1.206985062E1,1.212179260E0,1.514016188E1
1.072112060E3,1.037447617E1,-2.135309601E0,-1.838027802E0,1.075023949E1
1.072312397E3,4.850662994E0,-5.311853943E0,2.209854584E0,7.525169837E0
1.072512734E3,1.317724777E1,-5.531447296E0,3.269650726E0,1.466040190E1
1.072713072E3,4.533771973E0,-5.187761993E0,4.466711426E-1,6.904163810E0
1.072913410E3,5.064717865E0,-7.216044159E0,5.465135193E-1,8.832968775E0
1.073113747E3,1.151465515E1,-5.070256348E0,2.523452454E0,1.283209238E1
1.073314085E3,5.737718353E0,-4.984634399E0,3.113525391E-1,7.606900315E0
1.073514422E3,1.009485764E1,-4.366869049E0,-1.662143555E0,1.112377711E1
1.073714760E3,9.391320648E0,-3.379522247E0,1.344204712E0,1.007099600E1
1.073915096E3,8.227790222E0,-1.390009460E0,5.095404053E-1,8.359921630E0
1.074115434E3,8.854237518E0,-3.471730499E0,6.785539398E0,1.168306379E1
1.074315771E3,6.023174744E0,1.019529877E0,3.560645599E0,7.070804215E0
1.074516109E3,3.323239288E0,3.359613647E0,8.744066620E0,9.939296971E0
1.074716446E3,4.132456512E0,3.900588684E0,1.293086014E1,1.412440911E1
1.074916785E3,4.830455017E-1,1.464105377E0,7.037315826E0,7.204217623E0
1.075117122E3,2.266137543E0,3.131188660E0,8.822952576E0,9.632456277E0
1.075317460E3,1.792672119E0,4.255800018E0,1.395667694E1,1.470082781E1
1.075517797E3,2.716700592E0,1.506167908E0,5.807622986E0,6.586158867E0
1.075718135E3,1.357676697E-1,4.819677429E0,9.556876373E0,1.070427996E1
1.075918471E3,1.928739166E0,3.065175934E0,1.428718964E1,1.473903409E1
1.076118809E3,8.361611938E-1,2.694396973E0,6.189329224E0,6.801965659E0
1.076319146E3,1.556912384E0,3.839066620E0,7.757468262E0,8.794357425E0
1.076519484E3,2.748733978E0,3.346590729E0,1.308683578E1,1.378479158E1
1.076719822E3,3.024011536E0,2.387834473E0,2.933749237E0,4.842859055E0
1.076920160E3,2.956352234E-1,5.014123077E0,1.008527756E1,1.126683868E1
1.077120498E3,2.030078430E0,8.976832581E-1,4.503085785E0,5.020441739E0
1.077320835E3,3.652853851E0,1.633253632E0,6.379583588E0,7.530600603E0
1.077521173E3,1.028376480E1,-2.610870667E0,5.260510712E0,1.184252663E1
1.077721510E3,1.385309235E1,-1.017583923E0,7.014413452E-1,1.390811506E1
1.077921847E3,5.291795654E0,-4.242777100E0,-1.355581055E0,6.916780954E0
1.078122184E3,1.325538528E1,-3.772006073E0,4.453239441E0,1.448325276E1
1.078322522E3,7.286697235E0,-6.244115295E0,4.429289246E-1,9.606306181E0
1.078522859E3,4.707710266E0,-4.429438934E0,1.861828308E0,6.726728021E0
1.078723197E3,1.138457565E1,-8.494984589E0,9.116043091E-2,1.420498631E1
1.078923535E3,1.136302048E1,-2.079475708E0,-2.147584076E0,1.174966259E1
1.079123873E3,4.464316406E0,-6.198909302E0,2.074086914E0,7.915708056E0
1.079324210E3,1.820139999E1,-9.387428741E0,4.815635834E0,2.103818264E1
1.079524548E3,6.024521942E0,-5.456902313E0,2.561024323E0,8.522411224E0
1.079724885E3,6.867568817E0,-3.964056702E0,1.485510864E0,8.067464876E0
1.079925223E3,7.656128998E0,-8.487949219E0,5.367837524E0,1.262835195E1
1.080125560E3,5.731281738E0,-2.808010712E0,3.065325623E0,7.080164948E0
1.080325898E3,8.813073120E0,-3.689377899E0,7.021897888E-1,9.579918455E0
1.080526235E3,9.986183624E0,-7.064259796E0,6.938371582E0,1.406302350E1
1.080726573E3,4.741090851E0,-4.790637817E0,1.776206360E0,6.970155105E0
1.080926910E3,6.395600281E0,-5.578449554E0,2.114652557E0,8.746116728E0
1.081127248E3,1.354173981E1,-2.875969391E0,5.014272766E0,1.472388700E1
1.081327585E3,5.680088196E0,-3.585044861E0,4.852908325E-1,6.734348948E0
1.081527923E3,9.352102203E0,-3.550167389E0,3.652404785E-1,1.000994030E1
1.081728260E3,9.762548676E0,-5.829776917E0,2.201322327E0,1.158185976E1
1.081928598E3,4.039200439E0,-3.211870880E0,1.681902466E0,5.427711363E0
1.082128936E3,1.023736130E1,-5.632636871E0,1.479523315E0,1.177790956E1
1.082329273E3,1.060814026E1,-3.956572266E0,1.583556976E0,1.143218074E1
1.082529611E3,2.728226624E0,-5.334007874E0,-4.038601685E-1,6.004828352E0
1.082729948E3,1.284448975E1,-3.526366882E0,2.005080414E0,1.346983770E1
1.082930286E3,7.036567383E0,-7.712262268E0,8.315208435E-1,1.047299846E1
1.083130623E3,3.966002655E0,-4.127217407E0,1.990859985E-2,5.723940683E0
1.083330961E3,1.020996826E1,-7.354506226E0,1.692380676E0,1.269631309E1
1.083531299E3,9.779463501E0,-4.166435852E0,-6.176156616E-1,1.064793610E1
1.083731636E3,6.321953430E0,-5.583239594E0,4.808001709E-1,8.448125729E0
1.083931974E3,1.426518539E1,-4.916526031E0,1.477577362E0,1.516083696E1
1.084132311E3,7.529941406E0,-4.830155640E0,2.189945984E-1,8.948652397E0
1.084332649E3,6.429130554E0,-5.408103790E0,1.760788422E0,8.583803478E0
1.084532987E3,1.313997528E1,-1.260319153E1,3.312761078E0,1.850604693E1
1.084733324E3,5.837261353E0,-2.772833862E0,-1.598675537E0,6.657175918E0
1.084933661E3,8.711434479E0,-3.694766693E0,3.872447205E-1,9.470498934E0
1.085133998E3,1.130658783E1,-5.425767059E0,3.752845917E0,1.309052058E1
1.085334336E3,5.959257660E0,-2.524649963E0,1.810335388E0,6.720410963E0
1.085534674E3,7.416327667E0,-7.358996887E0,4.450245667E-1,1.045728445E1
1.085735011E3,1.203407501E1,-3.050656128E0,1.888023834E0,1.255747181E1
1.085935350E3,2.621797943E0,-4.157155151E0,-8.554710388E-1,4.988746747E0
1.086135688E3,1.279569122E1,-4.711153107E0,1.478176117E0,1.371530831E1
1.086336025E3,6.502178650E0,-6.414910126E0,4.138893127E-1,9.143342030E0
1.086536363E3,5.514233093E0,-3.441643066E0,2.039359131E0,6.812536919E0
1.086736700E3,9.966275024E0,-7.844287720E0,2.082170105E-1,1.268474840E1
1.086937037E3,9.029073944E0,-4.728666687E0,-3.824546814E-1,1.019954590E1
1.087137375E3,3.266656952E0,-6.677015076E0,1.322200470E0,7.549953115E0
1.087337712E3,1.507215729E1,-6.880292358E0,2.775079193E0,1.679908964E1
1.087538050E3,6.786287842E0,-5.970035248E0,1.614692230E0,9.181625920E0
1.087738387E3,4.809648285E0,-4.707111511E0,2.113754425E0,7.053904817E0
1.087938726E3,1.108534790E1,-1.108819199E1,3.890559540E0,1.615454713E1
1.088139064E3,5.791905670E0,-4.375101929E0,5.294490051E-1,7.277912093E0
1.088339401E3,8.423882446E0,-3.830234985E0,1.117276611E0,9.320987208E0
1.088539739E3,1.250619324E1,-5.470374298E0,5.359754333E0,1.466481608E1
1.088740077E3,4.236340485E0,-3.642525330E0,1.314716034E0,5.739603621E0
1.088940414E3,7.586673431E0,-7.305707703E0,2.014810181E-1,1.053430460E1
1.089140752E3,1.226190125E1,-1.986069946E0,2.444416809E-1,1.242410752E1
1.089341090E3,2.505190430E0,-6.429130554E0,1.769470367E0,7.123252358E0
1.089541427E3,1.291529251E1,-5.775439911E0,1.472038879E0,1.422418311E1
1.089741765E3,6.234535217E0,-6.868466949E0,-7.062313843E-1,9.302904406E0
1.089942102E3,4.541705475E0,-4.878355408E0,1.751358032E0,6.891494400E0
1.090142440E3,1.221579712E1,-1.147364044E1,1.601819000E0,1.683555608E1
1.090342778E3,7.619604950E0,-4.741090851E0,1.451980591E0,9.090905878E0
1.090543115E3,6.543043671E0,-4.793182526E0,1.059945831E0,8.179823003E0
1.090743453E3,1.062295944E1,-4.064797211E0,5.213957520E0,1.251220191E1
1.090943790E3,6.569987640E0,-3.580703888E0,1.467548218E0,7.624950865E0
1.091144128E3,8.880283356E0,-8.086933136E0,1.735640717E0,1.213550035E1
1.091344465E3,9.526190186E0,-3.375031586E0,1.628164215E0,1.023670144E1
1.091544803E3,2.795436859E0,-5.925428009E0,1.401834869E0,6.700022785E0
1.091745141E3,1.286619461E1,-6.966063995E0,-1.607656860E-1,1.463184394E1
1.091945478E3,1.129027176E1,-4.411476288E0,2.385589142E0,1.235404367E1
1.092145815E3,3.111729126E0,-4.802463226E0,6.471043396E-1,5.758928305E0
1.092346153E3,9.713750153E0,-7.394922180E0,1.227597198E0,1.226983337E1
1.092546491E3,1.085797073E1,-3.572021942E0,2.796185303E-1,1.143385568E1
1.092746828E3,4.528383179E0,-4.713847504E0,5.098397827E-1,6.556412823E0
1.092947167E3,1.202703964E1,-6.204298096E0,2.744093628E0,1.380844116E1
1.093147504E3,6.235583038E0,-5.364544373E0,-1.523831177E-1,8.227031832E0
1.093347842E3,5.702990570E0,-4.677323456E0,2.722538452E0,7.862167117E0
1.093548180E3,1.220352264E1,-1.231593887E1,2.038011932E0,1.745742844E1
1.093748517E3,6.120622101E0,-4.707111511E0,9.084608459E-1,7.774587757E0
1.093948854E3,8.209079132E0,-4.389472046E0,1.036295013E0,9.366448227E0
1.094149192E3,1.509610748E1,-6.995103607E0,3.862567749E0,1.708049663E1
1.094349530E3,6.274801483E0,-3.502716064E0,1.701960754E-1,7.188262668E0
1.094549867E3,5.459447021E0,-5.872138824E0,1.393302612E0,8.138112086E0
1.094750205E3,1.133098709E1,-4.735103302E0,4.926255798E0,1.323179761E1
1.094950544E3,3.264112244E0,-4.900659027E0,2.095941467E0,6.250108661E0
1.095150881E3,8.329578552E0,-5.794300690E0,1.741478577E0,1.029507392E1
1.095351219E3,1.008093658E1,-3.835923157E0,2.021097107E0,1.097380619E1
1.095551557E3,5.239554291E0,-4.799918518E0,3.925137634E0,8.117810813E0
1.095751894E3,6.456673279E0,-8.941506042E0,2.076032867E0,1.122270344E1
1.095952232E3,1.327529388E1,-2.504292297E0,4.212539978E0,1.415098586E1
1.096152570E3,3.323239288E0,-5.626948700E0,3.045566711E0,7.209850736E0
1.096352907E3,1.162183228E1,-5.412145386E0,-6.451583862E-1,1.283645327E1
1.096553245E3,6.264922028E0,-7.225474548E0,8.385562134E-1,9.599995155E0
1.096753583E3,6.020779724E0,-4.208049316E0,2.133363647E0,7.649098508E0
1.096953921E3,1.044408142E1,-7.824528809E0,7.812254333E-1,1.307334697E1
1.097154258E3,1.041983185E1,-3.450325012E0,-1.914219360E0,1.114189724E1
1.097354596E3,4.392316132E0,-7.133715363E0,1.651515656E0,8.538725891E0
1.097554934E3,1.468805603E1,-6.661597137E0,3.404220886E0,1.648346402E1
1.097755271E3,6.134094086E0,-6.431226196E0,1.767075348E0,9.061475372E0
1.097955609E3,4.494403839E0,-5.577701111E0,2.154918823E0,7.480246700E0
1.098155947E3,1.084255280E1,-1.167856430E1,2.220332794E0,1.608973875E1
1.098356285E3,6.086792450E0,-4.898114319E0,2.529440002E0,8.212102833E0
1.098556622E3,8.832832031E0,-4.415517883E0,1.758842468E-1,9.876571021E0
1.098756960E3,1.343650864E1,-7.133565674E0,4.909790039E0,1.598541716E1
1.098957298E3,5.181325378E0,-3.553310852E0,1.878593445E0,6.557534904E0
1.099157636E3,6.029761047E0,-6.132597198E0,2.202819214E0,8.878016624E0
1.099357973E3,1.041998154E1,-5.270539856E0,3.816613312E0,1.228499665E1
1.099558311E3,3.504662018E0,-4.699178009E0,-1.559606781E0,6.066078068E0
1.099758649E3,1.116752701E1,-5.277874603E0,1.491049347E0,1.244157739E1
1.099958986E3,4.925806732E0,-7.103927307E0,-6.265969849E-1,8.667293633E0
1.100159323E3,4.983287201E0,-4.272116089E0,1.774859161E0,6.799577358E0
1.100359661E3,1.070424042E1,-9.153614960E0,1.653461609E0,1.418109181E1
1.100559999E3,8.770711212E0,-3.640878754E0,-2.061962128E0,9.717667471E0
1.100760337E3,5.253475342E0,-5.359454956E0,2.167193298E0,7.811497128E0
1.100960674E3,1.820289688E1,-9.671987000E0,4.427492981E0,2.108306148E1
1.101161012E3,5.324876862E0,-4.208498383E0,2.492616577E0,7.230415592E0
1.101361350E3,6.025869141E0,-3.693868561E0,3.531156921E-1,7.076754520E0
1.101561688E3,9.454489288E0,-7.138355713E0,5.962850189E0,1.326269476E1
1.101762025E3,4.979544983E0,-3.785028992E0,-4.751119995E-1,6.272801935E0
1.101962364E3,1.030531998E1,-4.941973114E0,1.758243713E0,1.156348300E1
1.102162702E3,7.043153687E0,-5.950276337E0,1.186432800E0,9.296204877E0
1.102363040E3,5.837860107E0,-3.269501038E0,2.366728363E0,7.097298839E0
1.102563378E3,9.180109863E0,-8.235124969E0,1.630559235E0,1.243987234E1
1.102763716E3,8.022716675E0,-4.638853455E0,3.540138245E-1,9.274064374E0
1.102964052E3,5.621559906E0,-6.210435333E0,2.561922455E0,8.759845288E0
1.103164390E3,1.187375839E1,-8.076454926E0,3.720213776E0,1.483425944E1
1.103364728E3,7.199428711E0,-6.160738678E0,2.780617676E0,9.875135922E0
1.103565066E3,3.919898529E0,-5.326972504E0,9.340576172E-1,6.679423940E0
1.103765404E3,9.654024353E0,-1.268028122E1,5.049150238E0,1.671776409E1
1.103965742E3,6.127807159E0,-3.531605988E0,1.344354401E0,7.199274282E0
1.104166080E3,9.583670654E0,-3.492686920E0,-1.650318146E0,1.033291610E1
1.104366418E3,1.041683807E1,-5.617218933E0,4.428241425E0,1.263617767E1
1.104566756E3,6.134992218E0,-2.685415649E0,-6.227050781E-2,6.697272903E0
1.104767094E3,7.739954681E0,-7.365882568E0,1.125659180E0,1.074384629E1
1.104967432E3,1.257969040E1,-2.709365845E0,5.369334412E-1,1.287934670E1
1.105167770E3,3.611539764E0,-4.639302521E0,1.474433899E0,6.061377952E0
1.105368107E3,1.178738800E1,-4.337979126E0,-1.083746338E0,1.260694590E1
1.105568445E3,6.817572784E0,-6.158643036E0,1.407073975E-2,9.187403371E0
1.105768783E3,6.129453735E0,-3.510200500E0,1.943708038E0,7.325961479E0
1.105969121E3,1.052057236E1,-7.905809784E0,-6.083349609E-1,1.317400252E1
1.106169459E3,1.019185593E1,-3.675905914E0,-7.047344971E-1,1.085738745E1
1.106369797E3,5.290298767E0,-5.073998566E0,1.059197388E0,7.406390592E0
1.106570135E3,1.755294846E1,-8.383765869E0,2.272125092E0,1.958458787E1
1.106770473E3,6.323450317E0,-4.367168427E0,1.753154297E0,7.882368551E0
1.106970810E3,5.976022797E0,-4.863835602E0,1.103654938E0,7.783816509E0
1.107171148E3,8.271948395E0,-6.365961914E0,3.681594086E0,1.106818577E1
1.107371486E3,4.673132172E0,-4.470453644E0,2.231409760E0,6.841221352E0
1.107571824E3,9.623338165E0,-6.202501831E0,3.586541748E-1,1.145461912E1
1.107772162E3,8.921896820E0,-5.100044403E0,9.367520142E-1,1.031931200E1
1.107972499E3,5.508245544E0,-3.743415527E0,2.083367615E0,6.978133662E0
1.108172837E3,7.307054901E0,-8.411308594E0,5.358856201E-2,1.114208398E1
1.108373175E3,1.269764511E1,-1.286424866E0,-3.268602905E0,1.317455294E1
1.108573513E3,3.458707581E0,-6.557563477E0,1.547781372E0,7.573633478E0
1.108773851E3,1.452190155E1,-5.637576599E0,2.966680756E0,1.585777693E1
1.108974190E3,7.212002563E0,-6.292764130E0,9.295669556E-1,9.616441966E0
1.109174528E3,4.750820618E0,-5.609584808E0,2.642604675E0,7.811600203E0
1.109374866E3,1.093236603E1,-1.158336227E1,5.029541016E-2,1.592775685E1
1.109575203E3,7.099586334E0,-4.678970032E0,-5.875282288E-1,8.523032095E0
1.109775541E3,6.705455933E0,-4.804708557E0,1.976789246E0,8.482691749E0
1.109975879E3,1.492426483E1,-6.705904999E0,6.816674652E0,1.772483839E1
1.110176217E3,5.932463379E0,-3.570075989E0,3.466042328E0,7.742933147E0
1.110376555E3,6.290668488E0,-6.057303772E0,2.178869019E0,9.000606047E0
1.110576893E3,1.088506439E1,-3.754193115E0,3.661984863E0,1.208257944E1
1.110777231E3,4.036955109E0,-3.505410461E0,1.361867981E0,5.517208846E0
1.110977569E3,1.040127045E1,-3.945345612E0,1.228195953E0,1.119199018E1
1.111177907E3,8.281678162E0,-4.905598755E0,1.521885223E0,9.745112978E0
1.111378245E3,5.578000488E0,-3.266956329E0,1.979184265E0,6.760492842E0
1.111578583E3,8.013885040E0,-8.630153503E0,2.613714752E0,1.206372280E1
1.111778921E3,1.206341400E1,-2.690804443E0,-1.884281616E0,1.250267584E1
1.111979259E3,4.362677765E0,-5.924679565E0,4.158352661E0,8.451430772E0
1.112179597E3,1.217253708E1,-7.452552338E0,6.539900208E-1,1.428771844E1
1.112379935E3,7.395970001E0,-6.826703796E0,1.933529205E0,1.024903860E1
1.112580273E3,4.705764313E0,-4.506977692E0,1.332978058E0,6.650856801E0
1.112780611E3,9.296268311E0,-1.009635452E1,-6.994953918E-1,1.374213495E1
1.112980948E3,7.835605774E0,-3.479664001E0,2.196382599E0,8.850360215E0
1.113181286E3,5.095254364E0,-5.740861816E0,-1.407073975E-1,7.677168098E0
1.113381624E3,1.324086548E1,-7.230563965E0,6.617588654E0,1.647404181E1
1.113581962E3,5.583838348E0,-3.309767303E0,2.436932373E0,6.933429865E0
1.113782300E3,7.203170929E0,-5.589077454E0,3.308120728E-1,9.123206390E0
1.113982639E3,1.199979630E1,-3.960913239E0,2.254461823E0,1.283614206E1
1.114182977E3,3.317850494E0,-4.946463776E0,9.517208862E-1,6.031700294E0
1.114383315E3,8.687484283E0,-5.214256897E0,1.447639618E0,1.023506320E1
1.114583653E3,7.936945038E0,-4.317920837E0,6.239025879E-1,9.056974734E0
1.114783991E3,6.948400726E0,-2.942131805E0,1.640139313E0,7.721817738E0
1.114984329E3,6.121520233E0,-9.925410004E0,1.123114471E0,1.171529598E1
1.115184667E3,1.247101639E1,-4.495301971E0,-1.886377258E0,1.339001153E1
1.115385005E3,2.742147675E0,-7.709118805E0,-9.695338440E-1,8.239531691E0
1.115585343E3,1.325014618E1,-5.672304382E0,2.479743347E0,1.462499702E1
1.115785681E3,6.530619507E0,-6.868017883E0,6.650669861E-1,9.500577608E0
1.115986018E3,6.136489105E0,-4.731510773E0,1.818568268E0,7.959326810E0
1.116186356E3,9.782307587E0,-1.065634003E1,6.912625122E-1,1.448202225E1
1.116386694E3,1.199575470E1,-2.267784119E0,-1.504820709E0,1.230062848E1
1.116587032E3,3.902384949E0,-5.775290222E0,3.294199677E0,7.709366832E0
1.116787370E3,1.489657242E1,-6.879992981E0,2.563718719E0,1.660767374E1
1.116987708E3,6.487209778E0,-4.220772858E0,2.445764008E0,8.116685025E0
1.117188046E3,5.998176727E0,-6.173013153E0,4.499642944E-1,8.618972288E0
1.117388385E3,1.010713211E1,-5.470823364E0,4.935985565E0,1.250791674E1
1.117588723E3,5.526058502E0,-3.763024750E0,1.939816132E0,6.961362256E0
1.117789062E3,9.286538544E0,-4.741988983E0,-6.647676086E-1,1.044835746E1
1.117989400E3,8.700507202E0,-4.409380646E0,8.846603394E-2,9.754449728E0
1.118189738E3,5.517526245E0,-2.932551727E0,2.076032867E0,6.584289481E0
1.118390076E3,8.979826355E0,-7.163204041E0,5.966592407E-1,1.150238131E1
1.118590414E3,1.207134750E1,-2.564317474E0,-4.033661957E0,1.298320390E1
1.118790751E3,1.495540009E0,-5.912105713E0,-2.836601257E-1,6.104923992E0
1.118991089E3,1.381327515E1,-6.124214630E0,1.856888580E0,1.522368583E1
1.119191427E3,7.188501434E0,-5.698799286E0,-7.891589355E-1,9.207260070E0
1.119391765E3,5.071902924E0,-6.157146149E0,1.690135345E0,8.154213969E0
1.119592103E3,9.424252167E0,-8.210276642E0,-9.497749329E-1,1.253504064E1
1.119792442E3,1.037537430E1,-3.848796387E0,-4.745132446E-1,1.107640683E1
1.119992780E3,4.661905518E0,-5.322182465E0,7.729925537E-1,7.117338458E0
1.120193118E3,1.566342773E1,-6.267466736E0,3.168161774E0,1.716570292E1
1.120393456E3,6.175408173E0,-2.826871490E0,6.647676086E-1,6.824132509E0
1.120593794E3,8.211923218E0,-6.631958771E0,2.927911377E-1,1.055955902E1
1.120794132E3,1.024215134E1,-4.267625427E0,2.370320892E0,1.134604389E1
1.120994470E3,3.535497894E0,-4.276007996E0,1.617536316E0,5.779309083E0
1.121194808E3,1.063942520E1,-6.317013702E0,-8.734336853E-1,1.240422981E1
1.121395146E3,8.576564941E0,-4.022734680E0,-6.981481934E-1,9.498803683E0
1.121595484E3,5.822142792E0,-4.287234650E0,1.616189117E0,7.408764735E0
1.121795821E3,7.204218750E0,-9.555379486E0,4.381388855E-1,1.197489084E1
1.121996159E3,1.090452393E1,-3.219654694E0,-7.420069885E-1,1.139409464E1
1.122196497E3,3.454815674E0,-5.420378265E0,3.302133179E-1,6.436248342E0
1.122396836E3,1.279194901E1,-6.786587219E0,3.082689514E0,1.480522543E1
1.122597174E3,6.133495331E0,-6.404880981E0,-2.009571075E0,9.092889599E0
1.122797512E3,5.255271606E0,-5.310506744E0,3.319796448E0,8.175598449E0
1.122997850E3,1.064765808E1,-9.098080444E0,4.968168640E-1,1.401408282E1
1.123198188E3,9.184899902E0,-4.064797211E0,-7.601193237E-1,1.007287168E1
1.123398526E3,5.060975647E0,-5.869294739E0,8.041278076E-1,7.791579863E0
1.123598864E3,1.687500824E1,-8.044421539E0,3.956422577E0,1.910842486E1
1.123799202E3,6.025569763E0,-5.965993652E0,2.229463806E0,8.767615417E0
1.123999540E3,5.774691467E0,-4.862638092E0,1.534010010E0,7.703602889E0
1.124199878E3,9.191336517E0,-1.157602753E1,4.850662994E0,1.555679953E1
1.124400216E3,5.793851624E0,-4.047583008E0,1.180445251E0,7.165549235E0
1.124600554E3,8.565188599E0,-3.846850433E0,2.396516418E-1,9.392451591E0
1.124800893E3,1.282802399E1,-4.573738861E0,3.045716400E0,1.395541741E1
1.125001231E3,6.265071716E0,-3.221301270E0,1.338366852E0,7.170713445E0
1.125201569E3,7.460485840E0,-7.755222931E0,1.231788483E0,1.083141886E1
1.125401907E3,1.158006912E1,-3.556304626E0,-3.486998749E0,1.260573138E1
1.125602245E3,4.715494080E0,-5.598358154E0,1.577120361E0,7.487643626E0
1.125802583E3,1.133053802E1,-6.603368225E0,9.746232605E-1,1.315049255E1
1.126002921E3,7.621999969E0,-5.459896088E0,-1.676363983E0,9.524470853E0
1.126203259E3,5.124593353E0,-5.518723755E0,2.326312408E0,7.882226737E0
1.126403597E3,8.763975220E0,-8.131989441E0,-5.098397827E-1,1.196647193E1
1.126603935E3,1.092158844E1,-3.313210144E0,-2.025288391E0,1.159138683E1
1.126804273E3,4.873265991E0,-6.527476044E0,1.523681488E0,8.287235377E0
1.127004611E3,1.498863098E1,-4.208797760E0,2.066602478E0,1.570489997E1
1.127204949E3,7.585775299E0,-5.598807220E0,1.867217102E0,9.611302143E0
1.127405288E3,5.353766785E0,-5.666915588E0,1.854044495E0,8.013378317E0
1.127605626E3,1.065394501E1,-1.020383102E1,-3.807033234E0,1.523542628E1
1.127805964E3,7.656128998E0,-2.445464630E0,-3.374881897E0,8.717019921E0
1.128006302E3,8.001311188E0,-6.394402771E0,1.307830353E0,1.032568582E1
1.128206640E3,1.594948288E1,-6.904242554E0,3.050057373E0,1.764532287E1
1.128406978E3,5.436844025E0,-4.819228363E0,6.426136780E-1,7.293640196E0
1.128607316E3,6.544690247E0,-4.922812958E0,1.436412964E0,8.314465710E0
1.128807654E3,8.497678986E0,-6.104006653E0,3.549418945E0,1.104843067E1
1.129007992E3,4.059558105E0,-3.798950043E0,1.658850403E0,5.802052921E0
1.129208330E3,1.124611359E1,-4.719685364E0,1.061293030E-1,1.219679319E1
1.129408667E3,9.155560913E0,-4.808301086E0,-5.523513794E-1,1.035611641E1
1.129609006E3,5.151836700E0,-4.092789001E0,2.011666718E0,6.880344917E0
1.129809343E3,8.824449463E0,-7.573949890E0,2.429447937E-1,1.163162273E1
1.130009681E3,1.001088226E1,-4.297712860E0,-2.955005035E0,1.128805361E1
1.130210019E3,3.914360046E0,-6.319259033E0,4.363426208E-1,7.446183196E0
1.130410357E3,1.233689529E1,-5.046006775E0,8.484356689E-1,1.335593550E1
1.130610695E3,8.344397736E0,-6.174959106E0,5.998027039E-1,1.039802177E1
1.130811033E3,5.109175415E0,-4.935386810E0,1.577270050E0,7.276640516E0
1.131011371E3,1.048883835E1,-9.210047607E0,-7.412585449E-1,1.397820343E1
1.131211710E3,8.897796936E0,-3.771107941E0,-9.581575012E-1,9.711339311E0
1.131412048E3,4.693340149E0,-7.239994354E0,4.437222748E0,9.702262917E0
1.131612386E3,1.298744247E1,-9.081614685E0,3.589984589E0,1.624922696E1
1.131812724E3,4.206851807E0,-4.736450500E0,7.999365234E-1,6.385253629E0
1.132013062E3,6.710844727E0,-6.434968414E0,1.944456482E-1,9.299573353E0
1.132213400E3,1.231399292E1,-5.573659515E0,6.572232971E0,1.502978204E1
1.132413738E3,3.658841400E0,-3.779640198E0,3.676354980E-1,5.273324973E0
1.132614076E3,9.730964355E0,-5.781876526E0,4.115391998E0,1.204401157E1
1.132814415E3,9.484127655E0,-5.809568939E0,2.083367615E0,1.131548449E1
1.133014753E3,6.165229340E0,-3.419339447E0,2.108814697E0,7.358602754E0
1.133215091E3,7.401807861E0,-7.819289703E0,3.601510620E-1,1.077301072E1
1.133415429E3,1.206012085E1,-4.388424225E0,-8.800199890E-1,1.286387256E1
1.133615767E3,3.416794739E0,-4.678820343E0,1.414408722E0,5.963757048E0
1.133816105E3,1.327993423E1,-6.547234955E0,-5.685177612E-1,1.481708984E1
1.134016443E3,7.738906860E0,-5.771098938E0,-2.428849182E0,9.954675821E0
1.134216781E3,5.613027649E0,-5.305417328E0,1.632804565E0,7.894275341E0
1.134417119E3,1.090826614E1,-1.087488556E1,4.986131287E-1,1.541110058E1
1.134617457E3,1.109792175E1,-3.218457184E0,-8.773255920E-1,1.158844399E1
1.134817795E3,4.391567688E0,-6.446494446E0,1.324595490E0,7.911871498E0
1.135018133E3,1.756417511E1,-8.120912476E0,4.853357391E0,1.995005125E1
1.135218471E3,5.576054535E0,-3.130140839E0,1.403631134E0,6.546781362E0
1.135418809E3,7.833809509E0,-6.692582703E0,1.973346405E0,1.049063061E1
1.135619147E3,9.876910858E0,-4.256997528E0,2.447410583E-1,1.075803394E1
1.135819485E3,3.847149811E0,-4.557722168E0,1.183289337E0,6.080589337E0
1.136019823E3,1.103175934E1,-5.279820557E0,1.142574005E0,1.228339100E1
1.136220161E3,7.763455811E0,-6.005661163E0,-1.290466461E0,9.899723017E0
1.136420499E3,5.414839783E0,-5.216202850E0,2.309098206E0,7.865188909E0
1.136620837E3,5.900429993E0,-9.086255035E0,5.722599792E-1,1.084908227E1
1.136821176E3,1.197584610E1,-3.822451172E0,-1.686243439E0,1.268366823E1
1.137021514E3,4.061204681E0,-6.214626617E0,1.701811066E0,7.616503684E0
1.137221852E3,1.542691956E1,-6.427783356E0,1.172362061E0,1.675352735E1
1.137422191E3,5.575904846E0,-5.716612244E0,1.817670135E0,8.189889811E0
1.137622529E3,6.408323822E0,-5.043611755E0,1.776655426E0,8.346324835E0
1.137822867E3,9.410031738E0,-1.034872971E1,3.970343628E0,1.453989451E1
1.138023205E3,3.713926849E0,-4.717290344E0,1.369651794E-1,6.005400927E0
1.138223543E3,8.371192017E0,-4.578229523E0,-8.592132568E-2,9.541720171E0
1.138423881E3,1.144714554E1,-3.339705048E0,1.035995636E0,1.196929646E1
1.138624219E3,4.908592529E0,-3.268602905E0,1.147663422E0,6.007926173E0
1.138824557E3,8.176446991E0,-8.671168213E0,1.803300018E0,1.205385144E1
1.139024895E3,1.080228653E1,-3.855382690E0,-1.201251984E0,1.153240549E1
1.139225233E3,4.128564606E0,-5.276078339E0,9.621990967E-1,6.768151553E0
1.139425571E3,1.156450150E1,-4.865482178E0,5.647755432E-1,1.255904388E1
1.139625910E3,8.005053406E0,-7.365134125E0,1.365161133E-1,1.087863582E1
1.139826248E3,4.980143738E0,-4.452041931E0,1.531315613E0,6.853279252E0
1.140026586E3,1.224558517E1,-1.092772568E1,1.833686829E-1,1.641350568E1
1.140226924E3,8.843908997E0,-3.598516846E0,-1.413959656E0,9.652115402E0
1.140427262E3,6.309080200E0,-4.771178284E0,2.856060791E-1,7.915188312E0
1.140627600E3,1.720926315E1,-8.799152069E0,3.805985413E0,1.969947564E1
1.140827937E3,5.253625031E0,-3.730093231E0,1.976340179E0,6.739443002E0
1.141028275E3,7.178921356E0,-4.999902649E0,1.735640717E0,8.918990247E0
1.141228613E3,8.693172455E0,-6.638694763E0,3.323987732E0,1.143207811E1
1.141428951E3,5.107977905E0,-4.004322968E0,8.890013123E-1,6.551058238E0
1.141629290E3,1.000998413E1,-3.361260223E0,-4.791535950E-1,1.057012019E1
1.141829629E3,1.107786346E1,-3.707190857E0,2.615061951E0,1.197083422E1
1.142029967E3,5.760171661E0,-2.258204041E0,1.806443481E0,6.445331730E0
1.142230305E3,8.434660034E0,-7.453749847E0,1.346300354E0,1.133641925E1
1.142430643E3,9.714199219E0,-4.585713959E0,-3.338058472E-2,1.074223223E1
1.142630981E3,3.253634033E0,-6.313720551E0,1.529818726E-1,7.104407439E0
1.142831319E3,1.185265228E1,-4.605323181E0,1.687590637E0,1.282740542E1
1.143031657E3,6.206094360E0,-6.398743744E0,-1.477577362E0,9.035638526E0
1.143231995E3,5.696553955E0,-5.928721161E0,2.362686768E0,8.554691714E0
1.143432334E3,1.088686066E1,-1.210652435E1,-2.848576355E-1,1.628412757E1
1.143632672E3,6.788682861E0,-4.244124298E0,-5.054988098E-1,8.022115375E0
1.143833010E3,8.135282593E0,-4.839735718E0,1.956431580E0,9.666100000E0
1.144033348E3,1.508637772E1,-8.437055054E0,1.739682312E0,1.737265625E1
1.144233686E3,8.262967072E0,-2.941383362E0,8.593629456E-1,8.812880663E0
1.144434024E3,6.783743134E0,-6.175108795E0,2.419119415E0,9.487005759E0
1.144634362E3,9.323511658E0,-8.084837494E0,1.319057007E0,1.241097814E1
1.144834700E3,5.385949860E0,-3.014281769E0,4.104464722E-1,6.185694527E0
1.145035039E3,1.023511597E1,-4.978347473E0,1.716779938E0,1.151038122E1
1.145235377E3,9.499246216E0,-6.910828857E0,6.593788147E-1,1.176562852E1
1.145435715E3,4.617597656E0,-3.053350525E0,1.788181458E0,5.817452232E0
1.145636053E3,9.872420197E0,-7.682623901E0,1.761836243E0,1.263295126E1
1.145836390E3,1.099134338E1,-4.455185394E0,-2.823578339E0,1.219142735E1
1.146036728E3,4.301604767E0,-5.588329010E0,2.135758667E0,7.368493047E0
1.146237066E3,1.513427811E1,-6.690786438E0,2.424358521E0,1.672395023E1
1.146437405E3,7.650440826E0,-5.568270721E0,1.031654663E0,9.518360941E0
1.146637743E3,5.084476776E0,-4.968018951E0,2.946772156E0,7.695231155E0
1.146838082E3,1.037342834E1,-1.009485764E1,-7.831713867E-1,1.449577606E1
1.147038420E3,8.221503296E0,-3.002156982E0,-1.419198761E0,8.866802587E0
1.147238758E3,7.310348053E0,-4.508923645E0,1.057251434E0,8.653863974E0
1.147439096E3,1.358649673E1,-3.654799805E0,3.435206451E0,1.448278628E1
1.147639434E3,5.789810028E0,-3.126398621E0,1.986369324E0,6.873276627E0
1.147839773E3,7.871680756E0,-8.191415863E0,1.450932770E0,1.145285369E1
1.148040111E3,1.247969833E1,-1.323248291E0,-3.056643677E-1,1.255337752E1
1.148240449E3,2.753374329E0,-5.548661499E0,-3.754193115E-1,6.205614739E0
1.148440787E3,1.181073944E1,-2.986289978E0,2.929408264E0,1.252968183E1
1.148641125E3,7.177574158E0,-4.550986176E0,-8.363108826E-1,8.539816266E0
1.148841462E3,5.721851349E0,-5.012177124E0,2.117346954E0,7.895863506E0
1.149041800E3,1.091799591E1,-7.885152740E0,-2.496209106E0,1.369705546E1
1.149242138E3,8.891959076E0,-3.901037750E0,1.596879272E0,9.840480433E0
1.149442477E3,4.603975983E0,-5.303621063E0,7.773335266E-1,7.066062457E0
1.149642815E3,1.516810776E1,-6.780150604E0,5.639372864E0,1.754549690E1
1.149843153E3,7.649243317E0,-3.162772980E0,2.566413116E0,8.666056342E0
1.150043491E3,6.411317596E0,-5.535788269E0,2.182162170E0,8.747101052E0
1.150243829E3,8.016579437E0,-7.048392792E0,5.164859619E0,1.185837939E1
1.150444167E3,6.383625183E0,-3.282224579E0,2.509830780E0,7.604138295E0
1.150644505E3,1.036744080E1,-4.902155914E0,-9.041198730E-1,1.150358179E1
1.150844844E3,9.340127106E0,-3.611390076E0,1.253942413E0,1.009219918E1
1.151045182E3,5.997877350E0,-2.619253235E0,1.993255005E0,6.841643496E0
1.151245520E3,6.577322388E0,-8.408464508E0,1.154549103E0,1.073761746E1
1.151445859E3,1.213451614E1,-3.928430786E0,2.157014465E-1,1.275639360E1
1.151646197E3,4.622836761E0,-5.855673065E0,1.794318695E0,7.673272206E0
1.151846535E3,1.399140472E1,-4.892126770E0,2.116897888E0,1.497242690E1
1.152046873E3,6.376440125E0,-6.769223328E0,1.095721436E-1,9.300181674E0
1.152247211E3,5.867648163E0,-5.334007874E0,2.232158203E0,8.237928453E0
1.152447549E3,1.014156052E1,-1.004486160E1,-1.628014526E0,1.436666021E1
1.152647887E3,6.953340454E0,-3.691024475E0,1.056802368E-1,7.872977420E0
1.152848225E3,8.436605988E0,-3.428769836E0,1.691482544E-2,9.106759538E0
1.153048563E3,1.284179535E1,-5.622907104E0,3.582799530E0,1.446945903E1
1.153248901E3,5.643414459E0,-3.207080841E0,1.858385468E0,6.751821297E0
1.153449240E3,1.803105423E1,-3.279679871E0,3.012784882E0,1.857288587E1
1.153649578E3,3.715124359E0,4.264631653E-1,8.030051422E0,8.858089279E0
1.153849916E3,1.992955627E0,2.324366455E0,7.259902954E0,7.879133357E0
1.154050254E3,9.831555176E-1,5.489384766E0,8.698561249E0,1.033271057E1
1.154250592E3,-3.053949280E0,2.673440552E0,6.762187958E0,7.886765913E0
1.154632176E3,-4.121678925E0,1.034648438E0,1.102457428E1,1.181524323E1
1.154832512E3,-2.471211090E0,2.815794525E0,8.536598053E0,9.322504458E0
1.155032849E3,-4.001478882E0,3.290756836E0,1.139370667E1,1.251628800E1
1.155233186E3,-1.838476868E0,3.645818481E0,5.064119110E0,6.505174245E0
1.155433522E3,-1.603016510E0,7.261250153E0,7.072043610E0,1.026202790E1