"time","Gyroscope x","Gyroscope y","Gyroscope z","abs Gyroscope"
2.157130000E-1,-6.958580017E-2,-4.920936227E-1,-3.593946397E-1,6.133211427E-1
4.161510000E-1,-2.065176010E0,-1.942354560E0,8.804501295E-1,2.968650471E0
6.165900000E-1,3.958808780E-1,-1.306128979E0,-2.839064300E-1,1.394022037E0
8.170280000E-1,-3.523413539E-1,-6.993619204E-1,6.979202032E-1,1.048972895E0
1.017467000E0,-1.191971377E-1,2.843772769E-1,8.309254646E-1,8.862931349E-1
1.217905833E0,-4.046484530E-1,5.850645900E-1,6.287822723E-1,9.494251371E-1
1.418343833E0,-9.596356153E-1,-1.035612524E-1,3.010459244E-1,1.011065822E0
1.618782833E0,1.754171401E-1,2.866976559E-1,6.512169242E-1,7.328370906E-1
1.819221833E0,7.210102677E-1,3.647507131E-1,1.222735524E0,1.465599212E0
2.019660833E0,5.825038999E-2,8.234137297E-1,2.177186012E-1,8.537005725E-1
2.220098708E0,-5.235382915E-1,3.295716643E-1,6.418440938E-1,8.914447068E-1
2.420537708E0,7.167820632E-2,-7.975832373E-2,-3.869518042E-1,4.015356201E-1
2.620976708E0,3.482529223E-1,9.085123241E-2,1.976892501E-1,4.106276707E-1
2.821415708E0,-3.806028664E-1,3.568675742E-2,1.495270729E-1,4.104758606E-1
3.021854708E0,4.499508142E-1,4.526732862E-1,6.285941005E-1,8.958232987E-1
3.222294583E0,-1.263812780E-1,-1.746754497E-1,-2.099321336E-1,3.009239786E-1
3.422733583E0,-3.244889379E-1,5.975767598E-2,-1.479894817E-1,3.616143489E-1
3.623173583E0,2.363435626E-1,1.149943396E-1,7.809841633E-2,2.741921596E-1
3.823612583E0,-6.491023898E-1,-6.434797049E-1,-7.148690224E-1,1.160361048E0
4.024051583E0,-2.842240930E-1,1.653746963E-1,5.743359327E-1,6.618110673E-1
4.224490958E0,6.306550652E-2,2.993125618E-1,3.989701569E-1,5.027349738E-1
4.424929958E0,-4.906136394E-1,-1.333670020E-1,1.850818545E-1,5.410580313E-1
4.625369958E0,3.480882943E-1,-2.053647637E-1,-1.697148830E-1,4.383415202E-1
4.825808958E0,9.694249630E-1,1.947931349E-1,2.679489367E-2,9.891648450E-1
5.026247958E0,2.265441567E-1,1.029561162E-1,-2.403235734E-1,3.459445573E-1
5.226687125E0,2.008195668E-1,1.772513986E-1,1.625862569E-1,3.133382320E-1
5.427126125E0,-1.124525905E0,3.485861421E-1,-1.670872718E-1,1.189112680E0
5.627565125E0,1.410710067E-2,2.331349850E-1,-1.221320257E-1,2.635662406E-1
5.828005125E0,8.548051119E-2,1.154521331E-1,-8.345404267E-2,1.661345541E-1
6.028444125E0,2.661984861E-1,-3.015237153E-1,-4.117387533E-1,5.755927257E-1
6.228883833E0,-7.059277296E-1,-4.450516701E-1,2.296985239E-1,8.655439679E-1
6.429322833E0,-5.512284636E-1,-6.814354062E-1,-2.549147904E-1,9.127916423E-1
6.629762833E0,2.604210079E-1,1.758312881E-1,6.990990639E-1,7.664693368E-1
6.830201833E0,-8.919653893E-1,6.914117932E-1,-3.945488036E-1,1.195542254E0
7.030640833E0,5.630779862E-1,1.367947698E0,3.128171265E-1,1.512015964E0
7.231079458E0,6.038554311E-1,-1.806633472E-1,-1.122932434E-1,6.402268342E-1
7.431519458E0,6.354501843E-2,-1.734844893E-1,3.894800842E-1,4.310795441E-1
7.631958458E0,-8.466481566E-1,-1.765511930E-1,-4.103427529E-1,9.572693455E-1
7.832397458E0,-2.573581226E-2,-4.765121639E-1,-2.305175215E-1,5.299665103E-1
8.032836458E0,-1.787295789E-1,-7.632595301E-1,-9.006886482E-1,1.194047492E0
8.233275125E0,-1.512027532E-1,-1.119550765E-1,7.761140168E-2,2.035184055E-1
8.433714125E0,-5.354407430E-1,-9.698018432E-2,-5.628213659E-2,5.470554124E-1
8.634153125E0,9.075589180E-1,9.540673494E-1,2.656004429E-1,1.343298661E0
8.834592125E0,4.356388748E-2,1.231858879E-1,1.745259017E-1,2.180180397E-1
9.035031125E0,4.420868754E-1,3.987661004E-1,5.203089118E-1,7.906810811E-1
9.235470208E0,-7.377399206E-1,-4.329161048E-1,-1.850712299E-1,8.751730711E-1
9.435909208E0,-1.169411317E-1,2.266704887E-1,4.578402340E-1,5.240919944E-1
9.636348208E0,-1.448179483E-1,-3.209064901E-1,1.021000817E-1,3.665755587E-1
9.836787208E0,-3.429508209E-1,3.394315839E-1,3.831657767E-1,6.161534534E-1
1.003722621E1,2.006998360E-1,-7.713045925E-2,-4.160709381E-1,4.683423507E-1
1.023766508E1,1.362372875E0,6.866383553E-1,5.963078737E-1,1.638021722E0
1.043810408E1,1.011977196E-1,2.301943898E-1,-2.193307579E-1,3.336711209E-1
1.063854208E1,1.233336031E-1,-6.488724351E-1,-5.677825585E-2,6.629256256E-1
1.083898108E1,-5.582575202E-1,4.307102859E-1,2.953560352E-1,7.644592839E-1
1.103942008E1,-3.015074320E-2,1.465258598E-1,-2.382833213E-1,2.813500242E-1
1.123985850E1,5.072758198E-1,-9.523192644E-1,-1.090065718E0,1.533780952E0
1.144029750E1,-3.253887296E-1,3.792234659E-1,-4.030947573E-3,4.997044236E-1
1.164073650E1,6.431926042E-2,-1.045877934E-1,4.891073704E-2,1.321659335E-1
1.184117450E1,1.246703982E0,7.931368351E-1,9.640153646E-1,1.764273925E0
1.204161250E1,8.881842345E-2,4.071145132E-2,3.679320514E-1,3.806837652E-1
1.224205146E1,2.763183713E-1,-1.209517047E-1,-2.393863201E-1,3.850804688E-1
1.244248946E1,-4.064474404E-1,-4.750620574E-2,-5.246124864E-1,6.653379759E-1
1.264292746E1,-7.328590155E-1,-3.067342043E-1,1.273407936E-1,8.046016942E-1
1.284336646E1,-5.819160938E-1,-4.807854295E-1,-1.904424578E-1,7.784916822E-1
1.304380446E1,-9.234565496E-2,3.039303124E-1,2.890744805E-1,4.294943656E-1
1.324424263E1,-2.668752335E-2,1.187436357E-1,1.814931631E-1,2.185224089E-1
1.344468063E1,7.104842067E-1,6.277633309E-1,5.531833172E-1,1.097673171E0
1.364511863E1,-4.910108447E-2,8.651937544E-2,-4.408334196E-1,4.519188230E-1
1.384555663E1,5.215271115E-1,2.070716023E-2,1.796677560E-1,5.519962111E-1
1.404599363E1,-4.261030257E-1,2.261394560E-1,-8.396243304E-2,4.896453127E-1
1.424643121E1,-2.519195341E-2,2.172772773E-2,-1.545890570E-1,1.581281291E-1
1.444686921E1,4.143745005E-1,-3.928769231E-1,-6.552521586E-1,8.691454969E-1
1.464730721E1,2.708382010E-1,1.756366789E-1,-3.028458357E-1,4.426253205E-1
1.484774421E1,-4.860664606E-1,-2.443873510E-2,2.445904315E-1,5.446855378E-1
1.504818221E1,5.410166979E-1,1.019925252E-1,3.416759372E-1,6.479536933E-1
1.524861921E1,-1.230157316E-1,4.539422318E-2,3.805952370E-1,4.025496741E-1
1.544905621E1,1.029211640E0,-2.475859672E-1,1.200905666E-1,1.065362453E0
1.564949321E1,-6.718420386E-1,-1.012029243E-3,-7.219970226E-1,9.862314382E-1
1.584993121E1,3.864989802E-2,-4.976366162E-1,3.356246352E-1,6.014814313E-1
1.605036821E1,6.392680854E-2,-5.515561104E-1,-1.240858734E-1,5.689447106E-1
1.625080571E1,1.609496325E-1,7.753738761E-2,6.551924944E-1,6.791126824E-1
1.645124271E1,-7.966758311E-2,2.702420056E-1,-1.475450248E-1,3.180364754E-1
1.665167871E1,7.577295899E-1,2.968906462E-1,3.719604909E-1,8.947920396E-1
1.685211571E1,-2.129404107E-3,-3.550172746E-1,-1.926664412E-1,4.039333574E-1
1.705255271E1,6.023729444E-1,3.675629199E-1,4.858979881E-1,8.567686496E-1
1.725298833E1,-8.387005329E-1,-1.197821870E-1,-4.371091723E-1,9.533261692E-1
1.745342533E1,1.220235452E-1,-2.479876727E-1,-1.908331215E-1,3.358644245E-1
1.765386133E1,-4.281390607E-1,-5.346359611E-1,-1.355442643E0,1.518671599E0
1.785429833E1,-1.003622711E-1,-2.572032213E-1,-1.791480631E-1,3.291202075E-1
1.805473433E1,4.848679304E-1,-4.942198098E-1,4.718950987E-1,8.378753574E-1
1.825517046E1,5.869954228E-1,-1.241897106E0,8.412821591E-2,1.376208416E0
1.845560646E1,2.558249235E-1,6.416257620E-1,3.938298821E-1,7.951301692E-1
1.865604246E1,-6.258523464E-2,-4.322958291E-1,1.724230796E-1,4.696022932E-1
1.885647846E1,-1.022363663E0,2.683578134E-1,-3.473674655E-1,1.112612930E0
1.905691346E1,-4.370919168E-1,2.597232461E-1,-6.358127296E-2,5.123944638E-1
1.925734900E1,3.896180689E-1,7.147219777E-2,2.307634652E-1,4.584346099E-1
1.945778400E1,-6.398914456E-1,3.011818230E-2,6.340956688E-2,6.437304873E-1
1.965822000E1,7.402913179E-3,1.789100319E-1,-2.778601348E-1,3.305599147E-1
1.985865500E1,5.808079839E-1,-8.003678322E-1,-8.850955367E-1,1.327147577E0
2.005909000E1,8.747652173E-2,2.668365538E-1,-1.495557576E-1,3.181521852E-1
2.025952521E1,-1.255534738E-1,3.778856099E-1,4.179808497E-1,5.772947251E-1
2.045996021E1,8.926917315E-1,4.364762902E-1,5.335391164E-1,1.127862610E0
2.066039521E1,3.933915496E-2,-1.748131961E-2,3.528390825E-1,3.554554596E-1
2.086083021E1,-3.537251651E-1,2.134487927E-1,3.368957639E-1,5.330859549E-1
2.106126521E1,-8.362464905E-1,-1.829364449E-1,-6.635321379E-1,1.083073790E0
2.126169908E1,-1.397637576E-1,-2.243325114E-1,1.063086018E-1,2.848868239E-1
2.146213408E1,8.882773668E-2,2.907074802E-2,6.899635494E-2,1.161721661E-1
2.166256808E1,-3.395105302E-1,1.897703670E-2,2.126618773E-1,4.010643366E-1
2.186300208E1,2.893131077E-1,2.070615888E-1,-2.939510047E-1,4.615016458E-1
2.206343708E1,1.012921691E0,-2.247259170E-1,-1.445039958E-1,1.047565508E0
2.226387150E1,-1.020611264E-2,1.475032568E-1,-5.887541771E-1,6.070361246E-1
2.246430450E1,8.185048401E-2,1.055486687E-2,-2.166282199E-2,8.532399900E-2
2.266473850E1,-2.042867988E-1,-1.625219584E-1,8.119164407E-2,2.733835514E-1
2.286517250E1,1.560086384E-3,2.860476077E-1,1.626366973E-1,3.290537388E-1
2.306560650E1,4.966961443E-1,-5.420063734E-1,2.774136066E-1,7.857711357E-1
2.326603921E1,-1.096013308E0,-3.735307157E-1,-5.691379309E-1,1.290228023E0
2.346647221E1,-3.020565212E-1,-1.598309129E-1,1.111449674E-1,3.593567399E-1
2.366690621E1,-3.744897842E-1,-4.483442903E-1,-2.512281537E-1,6.359015540E-1
2.386733921E1,-1.651541740E-1,2.949176133E-1,3.555821478E-1,4.906026535E-1
2.406777221E1,2.676071040E-2,-9.063446522E-2,-2.138541937E-1,2.338041019E-1
2.426820575E1,1.054726839E0,8.515993953E-1,5.443682671E-1,1.460824098E0
2.446863775E1,-2.538280189E-1,1.609118283E-1,-3.814863563E-1,4.856471143E-1
2.466907075E1,7.129430175E-1,-4.880084395E-1,9.111366421E-2,8.687587024E-1
2.486950375E1,-7.841899991E-1,-2.706727386E-1,-2.473805249E-1,8.656874784E-1
2.506993575E1,3.678632975E-1,2.820038795E-1,-7.822240144E-2,4.700726942E-1
2.527036746E1,-5.680471063E-1,-8.009400964E-1,-9.282624722E-1,1.351241566E0
2.547079946E1,-2.554017603E-1,3.982395530E-1,-3.301103413E-1,5.768861570E-1
2.567123146E1,-3.341464102E-1,1.155066937E-1,5.372593999E-1,6.431510573E-1
2.587166346E1,9.977924824E-2,-3.264003098E-1,3.385227919E-1,4.807189836E-1
2.607209546E1,1.670060903E-1,1.448904723E-1,6.450105309E-1,6.818525267E-1
2.627252763E1,-2.483229488E-1,-3.175725043E-1,-5.383355021E-1,6.725486564E-1
2.647295863E1,9.621501565E-1,2.645883858E-1,1.557324231E-1,1.009946793E0
2.667339063E1,5.755434930E-2,9.479545057E-2,3.799745813E-2,1.172283558E-1
2.687382163E1,3.616315126E-1,6.665210426E-2,1.374798566E-1,3.925819213E-1
2.707425263E1,-6.671268493E-2,-1.889456809E-1,1.018927693E-1,2.247958832E-1
2.727468333E1,-3.562394083E-1,5.808666945E-1,-4.140129313E-2,6.826614826E-1
2.747511433E1,-1.209759355E0,-4.119606912E-1,-6.977536082E-1,1.456052679E0
2.767554533E1,3.846752644E-2,6.869932413E-1,-4.494517446E-1,8.218554221E-1
2.787597533E1,-4.156921208E-1,-2.609966099E-1,2.794588804E-1,5.648153995E-1
2.807640633E1,1.041868091E0,6.295989156E-1,5.178990960E-1,1.322914731E0
2.827683633E1,4.540395141E-1,1.570357680E-1,5.864050388E-1,7.580784803E-1
2.847726733E1,1.128128991E-1,3.795218766E-1,1.790953130E-1,4.345557917E-1
2.867769733E1,-8.783388734E-1,-2.568996251E-1,-2.740711570E-1,9.552965995E-1
2.887812733E1,-4.304269254E-1,-2.343952656E-1,-9.734277427E-2,4.996839945E-1
2.907855733E1,-2.921340987E-2,4.048853219E-1,4.601910338E-2,4.085380093E-1
2.927898788E1,-5.817051530E-1,-3.268180788E-1,1.182062645E-2,6.673310039E-1
2.947941688E1,3.382551372E-1,-4.010491669E-1,-8.029417396E-1,9.591519219E-1
2.967984688E1,9.006161690E-1,4.965632260E-1,-1.230156142E-2,1.028511473E0
2.988027588E1,7.076147199E-1,3.242929876E-1,-3.390280306E-1,8.490138627E-1
3.008070587E1,-4.437470734E-1,-2.184825838E-1,-6.416494399E-2,4.987617112E-1
3.028113396E1,-5.652409196E-1,3.129018247E-1,2.880171239E-1,7.073603839E-1
3.048156296E1,3.401290774E-1,3.258936405E-1,2.977406681E-1,5.572647124E-1
3.068199196E1,-9.170989692E-2,1.377364993E-1,9.749437869E-2,1.920604132E-1
3.088242096E1,-7.877380252E-1,-8.985289931E-1,-1.148581624E0,1.657445412E0
3.108284896E1,-6.363361478E-1,2.200387716E-1,5.184229612E-1,8.497665095E-1
3.128327888E1,-2.196226642E-2,-4.765295982E-1,-7.132932544E-2,4.823387521E-1
3.148370688E1,3.705412745E-1,-1.698763818E-1,5.482099056E-1,6.831492676E-1
3.168413588E1,-1.789374501E-1,2.621332407E-1,-1.089862213E-1,3.355747954E-1
3.188456388E1,-4.384098649E-1,3.442992866E-1,3.876312673E-1,6.789721701E-1
3.208499188E1,-2.970980108E-1,-1.108760573E-2,-6.737509370E-1,7.364309120E-1
3.228541983E1,4.386680722E-1,9.762220085E-2,4.165202081E-1,6.127388150E-1
3.248584783E1,-4.896868765E-1,-3.157128766E-2,3.676004708E-1,6.131232253E-1
3.268627483E1,-1.554551572E-1,4.000318646E-1,-3.172534108E-1,5.337054668E-1
3.288670283E1,-3.399663866E-1,-8.178891540E-1,-1.104084015E0,1.415457991E0
3.308712983E1,7.577121258E-3,3.466538191E-1,-3.668738604E-1,5.047996756E-1
3.328755675E1,4.090080410E-2,-5.115967244E-3,7.643574476E-1,7.654680638E-1
3.348798475E1,1.021486282E0,3.769567311E-1,7.211650610E-1,1.305989911E0
3.368841175E1,5.610891581E-1,1.800617576E-1,5.272778869E-1,7.907371560E-1
3.388883875E1,4.206134975E-1,6.250773668E-1,1.020858645E0,1.268774922E0
3.408926475E1,-1.024803758E0,-8.266189098E-1,-6.853386164E-1,1.484321590E0
3.428969088E1,-6.910717487E-1,-2.383384258E-1,-2.035579383E-1,7.588288353E-1
3.449011788E1,-6.744782329E-1,-7.000610232E-1,-9.881595969E-1,1.386169438E0
3.469054388E1,1.242950484E-1,-7.730322331E-2,9.086070061E-1,9.203215410E-1
3.489096988E1,2.937782705E-1,-5.213687420E-1,-4.099009037E-1,7.253618326E-1
3.509139688E1,1.481844902E0,9.651886225E-1,2.906145453E-1,1.792180294E0
3.529182333E1,-8.939331770E-2,1.756887287E-1,-4.036107063E-1,4.491762426E-1
3.549224833E1,3.833469450E-1,9.266703576E-2,3.191939890E-1,5.073725085E-1
3.569267433E1,-1.753531843E-1,7.450532913E-1,5.961685181E-1,9.701907277E-1
3.589310033E1,-6.880596280E-2,2.463443577E-1,-6.357634068E-2,2.635559792E-1
3.609352533E1,4.179602861E-1,-6.622818112E-1,-1.864596009E-1,8.050311678E-1
3.629395133E1,-7.798566222E-1,-4.755942225E-1,-4.007417858E-1,9.974769143E-1
3.649437633E1,-2.700052559E-1,-5.399148166E-2,3.263377845E-1,4.269827490E-1
3.669480133E1,1.691207886E-1,3.198142946E-1,1.242233813E-1,3.825107483E-1
3.689522633E1,-3.705116808E-1,-1.281515360E-1,4.209510386E-1,5.752403834E-1
3.709565133E1,-2.923245132E-1,1.839716583E-1,-4.920136034E-1,6.011460539E-1
3.729607625E1,9.629941583E-1,-8.071929216E-1,-5.671961308E-1,1.378633241E0
3.749650025E1,-1.428764015E-1,4.166501760E-1,-3.589937687E-1,5.682319608E-1
3.769692525E1,5.510001183E-1,-2.502338290E-1,8.097430319E-2,6.105529766E-1
3.789734925E1,5.958990455E-1,5.459987521E-1,1.058743119E0,1.331971209E0
3.809777325E1,2.374164462E-1,-5.691971630E-3,2.262487561E-1,3.280052851E-1
3.829819721E1,-1.390749216E-1,1.293708533E-1,-9.933182038E-3,1.902033638E-1
3.849862121E1,-1.124871254E0,5.017124116E-2,-1.130249143E0,1.595404530E0
3.869904521E1,-7.854685932E-2,-4.703658819E-1,-9.546573758E-1,1.067138406E0
3.889946921E1,-2.100288309E-2,-4.833179414E-1,-1.777552366E-1,5.153972039E-1
3.909989221E1,-7.062656432E-2,-1.970805973E-1,4.090592861E-1,4.595197199E-1
3.930031625E1,1.956399441E0,-9.530316591E-1,-4.681940973E-1,2.225977050E0
3.950073925E1,1.688679338E0,-3.763172626E-1,-5.428842902E-1,1.813277679E0
3.970116325E1,-4.133048058E-1,-1.669347733E-1,-3.500787616E-1,5.667832216E-1
3.990158625E1,3.867850006E-1,-1.244139895E-1,5.904977918E-1,7.167768966E-1
4.010200925E1,-3.759953976E-1,-1.924677938E-1,4.373867065E-2,4.246521658E-1
4.030243100E1,-1.125749946E0,-1.227905273E0,-2.188860327E-1,1.680171240E0
4.050285400E1,3.772315681E-1,6.681463867E-2,-3.262289762E-1,5.031830650E-1
4.070327700E1,-7.275128961E-1,1.399224102E-1,-1.108319908E-1,7.490907989E-1
4.090369900E1,-5.232430696E-1,-1.448510289E-1,4.536346495E-1,7.074952479E-1
4.110412100E1,-7.768461704E-1,1.625607491E0,1.945898414E0,2.651906922E0
4.130454363E1,7.270358801E-1,2.905572020E-2,3.169216812E-1,7.936401942E-1
4.150496563E1,5.820553899E-1,-2.764608264E-1,-4.832348228E-1,8.054408478E-1
4.170538763E1,-1.183047518E-1,-9.418519139E-1,-8.153415918E-1,1.251344458E0
4.190580963E1,-3.278574049E-1,6.004431471E-2,-4.467691481E-1,5.574033274E-1
4.210623163E1,-4.331799150E-1,-1.467638135E0,4.220417514E-2,1.530812767E0
4.230665183E1,2.012100071E-1,7.196575999E-1,1.939819157E-1,7.720242948E-1
4.250707383E1,-4.451483190E-1,3.558825254E-1,3.332947195E-1,6.602232712E-1
4.270749483E1,-3.870232403E-1,5.790467262E-1,2.685076892E-1,7.464438886E-1
4.290791583E1,8.224419951E-1,-3.102902882E-2,-5.782988071E-1,1.005884261E0
4.310833683E1,3.026617467E-1,3.307858948E-3,-4.193592817E-2,3.055710997E-1
4.330875858E1,-1.421919465E-1,-3.824390471E-1,1.263286173E-1,4.271265550E-1
4.350917958E1,2.412598580E-1,-3.345762193E-1,2.394418605E-2,4.131838449E-1
4.370960058E1,4.443049431E-3,-5.540087223E-1,-1.231897593E0,1.350746861E0
4.391002058E1,-3.084585667E-1,2.414052933E-1,2.952362299E-1,4.904973338E-1
4.411044058E1,5.385172367E-1,3.566473424E-1,2.142982632E-1,6.805305920E-1
4.431086121E1,-4.953805506E-1,7.059413791E-1,4.679525495E-1,9.811904551E-1
4.451128121E1,3.475867212E-1,3.191922605E-1,6.816662550E-1,8.290772649E-1
4.471170121E1,4.947962761E-1,-3.724398464E-2,-1.080249553E-3,4.961971747E-1
4.491212121E1,1.022323370E0,-5.399225652E-2,-1.818536222E-1,1.039774483E0
4.511254121E1,-4.661250487E-2,-1.342932135E-1,-5.892320275E-1,6.061367627E-1
4.531296008E1,8.717252016E-1,1.306825667E-3,-6.797064543E-1,1.105399203E0
4.551338008E1,-1.312919259E0,1.119778082E-1,9.304413199E-1,1.613076892E0
4.571379908E1,-1.133092791E-1,9.258314967E-2,-1.916358247E-2,1.475732876E-1
4.591421808E1,-7.328152657E-1,2.651655972E-1,-5.582977533E-1,9.586591620E-1
4.611463808E1,5.473132730E-1,1.839642078E-1,2.645372450E-1,6.351177863E-1
4.631505633E1,1.808357090E-1,2.284189314E-1,5.145342946E-1,5.912886792E-1
4.651547533E1,1.169206858E0,-8.501288295E-1,-6.447480321E-1,1.582865669E0
4.671589433E1,-5.433332324E-1,-4.048053026E-1,4.559473991E-1,8.166800875E-1
4.691631333E1,2.207785696E-1,-4.048371315E-1,-8.199405670E-1,9.407118652E-1
4.711673133E1,-7.421991229E-1,-1.739881784E-1,-2.488301396E-1,8.019026516E-1
4.731715050E1,-1.336861849E-1,3.201398849E-1,1.252356619E-1,3.688434803E-1
4.751756850E1,-1.320236921E-1,-2.604537904E-1,-3.749874607E-2,2.944020859E-1
4.771798650E1,4.477697015E-1,-2.003511786E-1,3.424901664E-1,5.982790440E-1
4.791840450E1,-2.894083858E-1,-6.636495590E-1,2.821993455E-2,7.245580140E-1
4.811882250E1,1.503539681E0,-3.959889114E-1,-8.991165161E-1,1.796064949E0
4.831923896E1,-3.949302137E-1,3.814621270E-2,-5.732170939E-1,6.971390421E-1
4.851965696E1,-2.881390750E-1,-7.898970246E-1,-2.320752293E-1,8.722501637E-1
4.872007396E1,-3.151707053E-1,8.687011600E-1,7.289698720E-1,1.177017992E0
4.892049196E1,2.520608604E-1,3.440097868E-1,2.561939359E-1,4.975065262E-1
4.912090896E1,6.262381077E-1,1.754760504E0,9.539670944E-1,2.093182221E0
4.932132613E1,2.179670185E-1,2.603883147E-1,-7.308822274E-1,8.059159546E-1
4.952174313E1,1.073081374E0,1.875181794E-1,3.035507798E-1,1.130844719E0
4.972216013E1,-3.105303049E-1,-7.675759792E-1,-4.670504928E-1,9.506514172E-1
4.992257713E1,-3.702008128E-1,1.524231285E-1,-3.431688994E-2,4.018197368E-1
5.012299313E1,2.129127830E-1,-4.311550260E-1,-6.500148177E-1,8.085454674E-1
5.032341071E1,-1.018105149E0,2.988978922E-1,3.061275184E-1,1.104351440E0
5.052382671E1,2.206131965E-1,1.789647192E-1,2.017266452E-1,3.484138237E-1
5.072424271E1,-3.152199686E-1,1.016286492E0,1.322655082E0,1.697533012E0
5.092465871E1,8.416936994E-1,2.223373353E-1,3.527460098E-1,9.393146021E-1
5.112507471E1,1.252450943E-1,-6.249144673E-1,-2.710304558E-1,6.925763013E-1
5.132549038E1,7.347834706E-1,-8.739272356E-1,-4.736686051E-1,1.236130054E0
5.152590638E1,-3.333546519E-1,3.237435818E-1,-4.156977832E-1,6.234900783E-1
5.172632138E1,-9.860697389E-1,-4.505170584E-1,1.420397013E-1,1.093377532E0
5.192673738E1,1.783071645E-2,-1.745429337E-1,8.651797473E-2,1.956234396E-1
5.212715238E1,5.968294144E-1,-1.191089526E-1,8.820975572E-2,6.149579282E-1
5.232756725E1,-3.873207271E-1,1.290504932E-1,9.442504495E-2,4.190315794E-1
5.252798225E1,-8.297997713E-1,8.975507617E-1,-3.465902507E-1,1.270547060E0
5.272839725E1,5.006001592E-1,-4.137150943E-1,-2.609579265E-1,6.998998057E-1
5.292881225E1,9.310698509E-2,2.131586969E-1,8.313686252E-1,8.632956224E-1
5.312922725E1,2.608885765E-1,-5.544706583E-1,1.740671843E-1,6.370242891E-1
5.332964146E1,4.120531976E-1,-2.860776782E-1,-2.865080535E-1,5.776808292E-1
5.353005646E1,-2.421725839E-1,-7.001603246E-1,-4.722878039E-1,8.785942239E-1
5.373047046E1,1.475237012E-1,2.977780998E-1,-5.400431752E-1,6.340991013E-1
5.393088446E1,1.852419227E-1,-3.190631866E-1,-8.377076685E-2,3.783297879E-1
5.413129846E1,-4.703864157E-1,5.271483660E-1,5.517629981E-1,8.964324771E-1
5.433171221E1,-3.564777076E-1,3.829581738E-1,1.792653203E-1,5.530545850E-1
5.453212621E1,-5.313887596E-1,1.138397813E0,-6.968545914E-2,1.258244673E0
5.473254021E1,1.896797866E-1,7.969538867E-2,-3.882839978E-1,4.394248961E-1
5.493295321E1,2.949171066E-1,1.161186844E-1,2.235764116E-1,3.878737687E-1
5.513336721E1,-4.093188643E-1,-1.214368582E0,-4.895308018E-1,1.371813905E0
5.533377975E1,-2.860203683E-1,-2.986941934E-1,3.228443265E-1,5.246468635E-1
5.553419275E1,1.419584602E-1,-1.250779629E0,-9.071158171E-1,1.551599494E0
5.573460575E1,-1.359789252E0,1.207089901E0,1.947161406E-1,1.828662685E0
5.593501875E1,1.810227185E-1,9.358142316E-2,-4.198030382E-2,2.080602156E-1
5.613543175E1,5.004810691E-1,1.104456037E-1,8.562413454E-1,9.979122073E-1
5.633584483E1,5.119763613E-1,-6.329337955E-1,9.348212928E-2,8.194290039E-1
5.653625683E1,6.643645763E-1,1.758818030E-1,-8.022558689E-1,1.056375491E0
5.673666983E1,-6.457451582E-1,6.289868951E-1,-2.686108351E-1,9.406184690E-1
5.693708183E1,2.659014225E0,-2.211211205E0,4.419892132E-1,3.486425979E0
5.713749483E1,-3.855647445E-1,-8.237029314E-1,2.370807109E-3,9.094791433E-1
5.733790750E1,-1.076481342E0,-5.583122969E-1,-2.254024446E-1,1.233422459E0
5.753831950E1,6.064626575E-1,-1.240689456E-1,5.086295679E-2,6.211095705E-1
5.773873150E1,-1.867971718E-1,-7.138829827E-1,-6.219345927E-1,9.650516743E-1
5.793914250E1,-1.116481796E-2,4.135091007E-1,-1.821884066E-1,4.520033683E-1
5.813955450E1,-2.522281706E-1,-2.325180024E-1,-1.107416451E-1,3.604821541E-1
5.833996533E1,-1.689379960E-1,3.801057935E-1,6.644707322E-1,7.839271744E-1
5.854037733E1,3.180477023E-1,7.348679006E-2,3.181005120E-1,4.557878728E-1
5.874078833E1,-4.660785794E-1,1.165366545E-1,-2.352282405E-2,4.810024504E-1
5.894119933E1,2.955715917E-2,1.566538364E-1,-8.470273018E-1,8.618986600E-1
5.914161033E1,1.322035939E-1,-8.032296300E-1,3.747907579E-1,8.961717140E-1
5.934202108E1,4.825191498E-1,-5.630292296E-1,2.288186550E-1,7.760055542E-1
5.954243208E1,4.590684175E-1,7.333977520E-2,3.906549513E-1,6.072345722E-1
5.974284308E1,-4.002586752E-2,4.412823915E-1,-2.643324137E-1,5.159494588E-1
5.994325408E1,-2.600987852E-1,2.694803774E-1,-5.743155479E-1,6.856452439E-1
6.014366408E1,1.029699817E-1,-1.112599596E-1,-5.007765889E-1,5.232196363E-1
6.034407425E1,3.143433928E-1,3.526007235E-1,4.143675864E-1,6.283625828E-1
6.054448525E1,-6.819199920E-1,-1.308655590E-1,-3.347889185E-1,7.708594489E-1
6.074489525E1,4.169861078E-1,-7.755127549E-1,2.448918223E-1,9.139307697E-1
6.094530525E1,-1.012486339E0,1.535798907E-1,-9.481501579E-1,1.395601695E0
6.114571525E1,9.329213202E-2,9.297928959E-2,-8.211610913E-1,8.316574464E-1
6.134612463E1,8.260101080E-2,-5.371831357E-2,-1.586903930E-1,1.867919297E-1
6.154653463E1,2.333598137E-1,1.052952766E0,1.228005648E0,1.634369665E0
6.174694363E1,5.468972325E-1,1.662366986E-1,4.465247095E-1,7.253382239E-1
6.194735363E1,2.300848365E-1,-1.670400649E-1,1.566224545E-1,3.246105490E-1
6.214776263E1,-1.013423204E0,-2.799865007E-1,-2.052686214E-1,1.071239580E0
6.234817183E1,3.397278860E-2,-1.448771656E-1,5.093052168E-4,1.488079395E-1
6.254858083E1,-7.234120965E-1,-6.630728841E-1,-1.252615452E-1,9.892831575E-1
6.274898983E1,-9.626969695E-2,4.512646794E-1,4.825791717E-1,6.676753121E-1
6.294939883E1,6.505381465E-1,-5.680354238E-1,-5.356752872E-1,1.016273652E0
6.314980783E1,-1.952986866E-1,5.049389601E-1,5.005671382E-1,7.373414340E-1
6.335021538E1,4.459233880E-1,-8.439667523E-3,-5.179862380E-1,6.835412487E-1
6.355062438E1,1.648187935E-1,1.047327965E-1,1.623671055E-1,2.539631279E-1
6.375103238E1,-4.670624733E-1,1.266299039E-1,9.367974708E-4,4.839249571E-1
6.395144037E1,3.855291903E-1,-6.480424106E-2,-1.274357289E-1,4.111839141E-1
6.415184938E1,4.925275743E-1,-1.476679295E-1,-3.502821028E-1,6.221629854E-1
6.435225796E1,4.168116152E-1,3.280811012E-1,-4.655774832E-1,7.057843328E-1
6.455266596E1,-4.387186766E-1,1.786685288E-1,2.301974446E-1,5.266757863E-1
6.475307296E1,-4.572663009E-1,1.796161756E-2,1.842712462E-1,4.933264455E-1
6.495348096E1,-5.944921076E-2,-1.136481687E-1,1.622822583E-1,2.068469151E-1
6.515388896E1,-1.059126034E-1,-1.727368981E-1,-1.769740880E-1,2.690266591E-1
6.535429513E1,-9.533768296E-1,-6.706510782E-1,-7.736237049E-1,1.398997457E0
6.555470213E1,1.047887504E-1,-3.275021911E-1,-1.648710221E-1,3.813408204E-1
6.575510913E1,1.018038630E0,-1.248513609E-1,5.057251453E-1,1.143568292E0
6.595551713E1,3.140604198E-1,1.619202346E-1,5.700343847E-1,6.706648264E-1
6.615592412E1,3.676359951E-1,2.847594619E-1,4.506129622E-1,6.475308624E-1
6.635632971E1,-9.553948045E-1,-2.974550426E-1,-4.955362082E-1,1.116608646E0
6.655673671E1,4.017147422E-2,-5.151189119E-2,-6.133600473E-1,6.168288012E-1
6.675714371E1,-3.279940784E-1,-6.396843195E-1,-8.294971287E-2,7.236413469E-1
6.695754971E1,1.228954047E-1,-1.469971729E-3,3.850744367E-1,4.042125222E-1
6.715795671E1,2.562458813E-1,1.013796777E-1,-2.600323558E-1,3.788886601E-1
6.735836325E1,7.421053648E-1,9.943632782E-2,2.209294960E-2,7.490634514E-1
6.755876925E1,2.890395224E-1,3.730986640E-2,-7.685249448E-1,8.219285020E-1
6.775917525E1,1.404133797E0,-6.427230835E-1,9.169867635E-1,1.795981460E0
6.795958125E1,-7.990412712E-1,-5.773621202E-1,3.833293449E-3,9.858137071E-1
6.815998725E1,-2.928996086E-1,9.087336808E-2,-2.444060743E-1,3.921510919E-1
6.836039308E1,-2.109815329E-1,-1.202790216E-1,-3.340659440E-1,4.130136864E-1
6.856079808E1,2.074770033E-1,1.608533859E-1,-3.185746372E-1,4.128078465E-1
6.876120408E1,-1.272523124E-2,-1.827633232E-1,2.063587159E-1,2.759497843E-1
6.896160908E1,-2.893877625E-1,5.466854572E-1,5.570310354E-1,8.324024512E-1
6.916201408E1,2.070949525E-1,1.459272811E-3,2.977219522E-1,3.626690084E-1
6.936241958E1,1.804801375E-1,-4.142067730E-1,-1.149814799E-1,4.662199820E-1
6.956282458E1,-1.689517051E-1,-2.415789068E-1,-4.303273857E-1,5.216193111E-1
6.976322958E1,-2.803349495E-1,-2.519000471E-1,-1.622368097E-1,4.103195097E-1
6.996363458E1,2.940826584E-3,-9.066675305E-1,3.653589785E-1,9.775182057E-1
7.016403958E1,-7.198805688E-4,1.432041824E-1,1.850138754E-1,2.339617280E-1
7.036444300E1,1.421511412E0,-1.376974136E-1,1.443442404E-1,1.435440884E0
7.056484800E1,-8.378256559E-1,-6.186794117E-2,7.464339584E-2,8.434163316E-1
7.076525200E1,6.441574078E-3,1.264901161E-1,-2.250044942E-1,2.582019864E-1
7.096565600E1,-2.242527753E-1,-1.518267095E-1,2.651001215E-1,3.789706207E-1
7.116606000E1,-1.435649097E-1,4.085768759E-1,4.307589233E-1,6.108184647E-1
7.136646475E1,1.696718335E-1,-5.332383513E-1,-9.095221758E-1,1.067877455E0
7.156686875E1,-5.617861822E-2,9.114723802E-1,3.546647727E-2,9.138904792E-1
7.176727275E1,1.853876710E-1,1.859928966E-1,-2.943817079E-1,3.944902230E-1
7.196767675E1,4.513263404E-1,2.335838601E-2,3.897644579E-1,5.967892530E-1
7.216807975E1,-4.792401791E-1,-2.954196036E-1,-6.184854731E-2,5.663648420E-1
7.236848333E1,2.380961925E-1,-2.286323011E-1,-9.816480428E-2,3.443818444E-1
7.256888633E1,-8.411021829E-1,-5.929726958E-1,-8.046938777E-1,1.306369678E0
7.276928933E1,-2.926881313E-1,2.257314175E-1,-4.191696048E-1,5.588597075E-1
7.296969233E1,-2.265351564E-1,6.517884880E-2,2.653431296E-1,3.549273670E-1
7.317009533E1,5.834391713E-1,3.687841892E-1,8.493523598E-1,1.094441627E0
7.337049833E1,3.919089139E-1,-2.499885112E-1,3.931560218E-1,6.088173043E-1
7.357090133E1,2.959224284E-1,8.929746598E-2,3.059295118E-1,4.348988241E-1
7.377130433E1,-7.702767849E-1,-5.423064232E-1,-4.419251978E-1,1.040538544E0
7.397170633E1,-3.754019141E-1,-1.059795097E-1,-5.178406835E-1,6.483187696E-1
7.417210933E1,3.384611309E-1,-1.806394458E-1,-2.897204459E-1,4.807540777E-1
7.437251133E1,-3.219481930E-2,4.224659130E-2,5.763526559E-1,5.787950110E-1
7.457291333E1,-1.671381444E-1,1.721414551E-2,-2.381049097E-1,2.914196872E-1
7.477331633E1,-8.521113992E-1,-2.993167341E-1,1.124821529E-1,9.101299790E-1
7.497371833E1,-4.909750447E-2,-1.227063090E-1,-5.233033299E-1,5.397349149E-1
7.517411933E1,3.429078758E-1,5.735498667E-1,3.015679419E-1,7.331360613E-1
7.537452163E1,-3.036408722E-1,3.641092777E-1,1.914988756E-1,5.113170883E-1
7.557492363E1,5.822392106E-1,-1.996430010E-1,-3.796595037E-1,7.231881947E-1
7.577532562E1,6.439985037E-1,1.279286742E-1,2.535392344E-1,7.038337601E-1
7.597572663E1,1.864328533E-1,1.991486847E-1,-4.560892880E-1,5.314459954E-1
7.617612863E1,3.870695457E-2,6.832276285E-2,2.232451364E-2,8.163707592E-2
7.637652938E1,-6.161362529E-1,-1.190869063E-1,1.422958374E-1,6.434700294E-1
7.657693038E1,2.431444973E-1,-1.043194234E-1,3.344723284E-1,4.264663259E-1
7.677733138E1,-1.007768154E0,-3.218380511E-1,-5.998955369E-1,1.216162423E0
7.697773238E1,1.577381492E-1,2.858962417E-1,-3.349241018E-1,4.677522193E-1
7.717813338E1,1.533502638E-1,-1.656363308E-1,2.842334509E-1,3.629605380E-1
7.737853433E1,5.983496904E-1,6.813225150E-1,2.657092214E-1,9.448937040E-1
7.757893433E1,3.896316290E-1,5.791957304E-2,7.110002637E-1,8.128276928E-1
7.777933533E1,-2.087014727E-2,3.313295543E-1,-5.056648050E-3,3.320247074E-1
7.797973533E1,-6.548655033E-1,-4.861848056E-1,-6.624381542E-1,1.050737265E0
7.818013633E1,-3.459473550E-1,6.801730022E-3,-1.673402339E-1,3.843547708E-1
7.838053608E1,2.193170935E-1,-2.467100173E-1,1.489329152E-2,3.304355161E-1
7.858093608E1,2.788729072E-1,8.678924441E-1,5.477140546E-1,1.063483934E0
7.878133608E1,1.441913545E-1,-5.599697232E-1,-3.493611515E-1,6.755815656E-1
7.898173608E1,8.948168159E-1,6.327793747E-2,2.702138200E-2,8.974582923E-1
7.918213608E1,1.845881939E-1,2.739879675E-2,-5.879005790E-1,6.168067656E-1
7.938253608E1,3.574336469E-1,-1.653136127E-2,4.432920814E-1,5.696840943E-1
7.958293508E1,-5.614718199E-1,3.479289263E-2,2.809957564E-1,6.288241129E-1
7.978333508E1,-2.959243394E-2,8.272712678E-2,3.292511702E-1,3.407723913E-1
7.998373408E1,-4.212843180E-1,-2.966852784E-1,-2.626872063E-1,5.783659735E-1
8.018413308E1,7.220301777E-2,-4.311658815E-2,-6.377306581E-1,6.432516678E-1
8.038453333E1,-1.085050941E0,1.249477863E-1,8.633145690E-2,1.095627954E0
8.058493233E1,2.086409479E-1,-9.206218719E-1,1.213743165E-1,9.517391454E-1
8.078533133E1,2.654124498E-1,2.195083350E-1,6.715066433E-1,7.546846028E-1
8.098573033E1,-3.479429781E-1,-2.250855863E-1,-4.677665532E-1,6.249267041E-1
8.118612833E1,4.068883359E-1,8.944721818E-1,5.117044449E-1,1.107916983E0
8.138652708E1,-9.506290406E-2,-3.037856817E-1,-5.491876006E-1,6.347674510E-1
8.158692608E1,4.095120728E-1,4.708961844E-1,2.386870682E-1,6.681428521E-1
8.178732408E1,-3.713344932E-1,-2.071879059E-1,3.352869768E-3,4.252380226E-1
8.198772308E1,1.263463348E-1,-1.435265690E-1,-3.886114657E-1,4.331075428E-1
8.218812108E1,1.018361375E-1,1.220014989E-1,-5.621539056E-2,1.685678937E-1
8.238851975E1,1.192882285E-1,1.892857403E-1,-4.896022677E-1,5.383021024E-1
8.258891775E1,5.432550311E-1,5.485615879E-2,5.221723914E-1,7.555125633E-1
8.278931575E1,2.757893205E-1,-1.697746962E-1,3.204873502E-1,4.556263145E-1
8.298971375E1,-4.593392834E-3,3.234708309E-1,-2.236578912E-1,3.932903889E-1
8.319011175E1,-6.136114597E-1,-1.179020286E0,-7.873808146E-1,1.544854817E0
8.339050821E1,-6.586619020E-1,1.131184101E-1,-8.421812057E-1,1.075128113E0
8.359090621E1,-1.640051603E-1,-2.752363682E-1,7.163838297E-2,3.283059684E-1
8.379130321E1,3.119202852E-1,6.305344105E-1,8.334741592E-1,1.090663597E0
8.399170121E1,3.804490715E-2,1.060769111E-1,6.205986142E-1,6.307474661E-1
8.419209821E1,-2.095334530E-1,2.599180117E-2,8.727154136E-2,2.284647972E-1
8.439249521E1,-2.420892268E-1,-5.649685860E-3,-5.374895334E-1,5.895202382E-1
8.459289221E1,-6.221115217E-2,-3.190422356E-1,-1.984097660E-1,3.808209695E-1
8.479328921E1,1.210604608E-1,-6.333935857E-1,-2.468649000E-1,6.904964507E-1
8.499368621E1,-4.129166529E-2,2.817000151E-1,7.739300728E-1,8.246378949E-1
8.519408321E1,-8.397883922E-2,-6.333729029E-1,-4.678638577E-1,7.919029416E-1
8.539448008E1,4.664937258E-1,4.358643591E-1,7.673072815E-2,6.430254586E-1
8.559487708E1,-1.743776649E-1,-1.598469913E-1,-6.864764690E-1,7.260912981E-1
8.579527308E1,8.093358278E-1,-5.484034419E-1,4.175003469E-1,1.063050966E0
8.599566908E1,-3.350866139E-1,7.277221084E-1,7.166804075E-1,1.074938748E0
8.619606608E1,-7.941696048E-2,3.866743296E-2,1.409397721E-1,1.663317268E-1
8.639646296E1,-4.020612836E-1,-1.031955242E0,-8.993113637E-1,1.426655469E0
8.659685896E1,7.078739256E-2,5.017708540E-1,-2.634179294E-1,5.711163195E-1
8.679725496E1,-3.822815120E-1,-1.961423635E0,5.776036531E-2,1.999164348E0
8.699765096E1,5.755969286E-1,1.288008571E0,1.099722624E0,1.788761513E0
8.719804696E1,-3.772750497E-1,7.624662519E-1,3.388660550E-1,9.157081694E-1
8.739844271E1,-8.035268188E-1,-7.345651388E-1,-5.347713828E-1,1.212939291E0
8.759883771E1,-1.144035831E-1,7.203299999E-1,1.134321168E-1,7.381262316E-1
8.779923371E1,3.065726459E-1,9.624863416E-2,2.498216629E-1,4.070152946E-1
8.799962871E1,4.677689672E-1,-4.835799932E-1,3.153261170E-2,6.735367266E-1
8.820002471E1,2.483168244E-1,3.642773628E-1,8.256952763E-1,9.360191940E-1
8.840041921E1,-1.878835112E-1,1.676809639E-1,-4.262139797E-1,4.950509832E-1
8.860081421E1,-2.725068852E-2,1.088619709E0,6.861409545E-1,1.287099406E0
8.880120921E1,-6.099653244E-1,1.539120525E-1,-3.241229057E-2,6.299183863E-1
8.900160421E1,9.458250403E-1,1.091377974E0,1.301548034E-1,1.450045227E0
8.920199921E1,-1.809708029E-2,-1.215304360E-1,2.116391202E-3,1.228886907E-1
8.940239421E1,4.251613915E-1,-3.464508057E-1,-3.878317773E-1,6.717170960E-1
8.960278921E1,8.247727752E-1,-5.197387338E-1,-7.111065388E-1,1.206669380E0
8.980318321E1,2.712073922E-1,-2.231882326E-2,-3.398080468E-1,4.353401982E-1
9.000357821E1,-2.426872216E-2,-4.011750519E-1,3.592490852E-1,5.390642804E-1
9.020397221E1,-3.869078457E-1,-3.340865970E-1,5.063431263E-1,7.195101785E-1
9.040436725E1,-2.334543467E-1,6.093362570E-1,4.964947701E-1,8.199382067E-1
9.060476125E1,-7.842584848E-1,-4.915255308E-1,-2.192046680E-2,9.258181384E-1
9.080515525E1,5.878033638E-1,-1.940236539E-1,-4.352032542E-1,7.566768433E-1
9.100554925E1,-3.015323877E-1,8.727913499E-1,-1.578285545E-1,9.368011389E-1
9.120594325E1,-3.391461670E-1,-1.174008131E0,1.180534903E-2,1.222069794E0
9.140633700E1,5.606555939E-1,-2.711784840E-1,5.505345464E-1,8.312404898E-1
9.160673100E1,-2.181011289E-1,2.807784975E-1,1.770483144E-2,3.559748982E-1
9.180712500E1,-1.356398165E-1,1.341616958E-1,-2.398672253E-1,3.064862252E-1
9.200751800E1,1.736232894E-3,-2.875389159E-1,-4.820308685E-1,5.612801447E-1
9.220791200E1,6.395539641E-1,1.210112572E0,2.184256613E-1,1.386041658E0
9.240830525E1,-7.994605303E-1,-2.384708226E-1,5.897558928E-1,1.021673865E0
9.260869825E1,-3.748493642E-2,3.837577701E-1,8.447990417E-1,9.286337101E-1
9.280909225E1,8.442065120E-1,-9.368306398E-1,-6.682015657E-1,1.427175397E0
9.300948525E1,-3.129382133E-1,8.651285619E-2,-6.656875610E-1,7.406448059E-1
9.320987825E1,-4.732695967E-2,1.339071840E-1,5.138092637E-1,5.330768561E-1
9.341027183E1,-2.707134485E-1,2.947786152E-1,4.724013209E-1,6.191471644E-1
9.361066483E1,2.360753566E-1,4.857589677E-2,4.091427028E-1,4.748567605E-1
9.381105683E1,3.002495738E-3,9.669599682E-2,-2.726042569E-1,2.892614935E-1
9.401144983E1,-1.434360296E-1,-2.515903115E-1,-2.113481611E-1,3.585242316E-1
9.421184283E1,-1.980027854E-1,-3.111070953E-2,-3.801182806E-1,4.297241983E-1
9.441223400E1,9.027706981E-1,-2.211775333E-1,2.455292344E-1,9.613527134E-1
9.461262700E1,3.689459860E-1,8.944054693E-2,5.851434469E-1,6.975052728E-1
9.481301900E1,8.141773939E-1,-2.601739392E-2,-6.952802539E-1,1.070969825E0
9.501341100E1,-9.586303234E-1,-1.064136475E-1,-1.532158703E-1,9.766120336E-1
9.521380300E1,7.503086925E-1,-3.472302258E-1,-3.797913492E-1,9.098205497E-1
9.541419500E1,-2.452237606E-1,7.166080475E-1,-4.323147982E-2,7.586374281E-1
9.561458700E1,-3.506242037E-1,1.552738994E-2,-1.762351990E-1,3.927305405E-1
9.581497900E1,-2.989856303E-1,-1.212839186E-1,-2.239626460E-2,3.234250898E-1
9.601537100E1,1.693893671E-1,-5.942812562E-1,-1.075475663E-1,6.272395461E-1
9.621576200E1,9.691543132E-2,4.228761196E-1,-1.855619401E-1,4.718580793E-1
9.641615408E1,-1.745111644E-1,-3.179473579E-1,7.975275815E-2,3.713558554E-1
9.661654508E1,7.873729467E-1,6.053429842E-1,6.964541078E-1,1.213031166E0
9.681693708E1,1.995114982E-1,2.186227776E-2,4.249137640E-1,4.699303182E-1
9.701732808E1,-1.593605727E-1,4.072721899E-1,2.806791067E-1,5.196606486E-1
9.721771908E1,-4.627830386E-1,-2.860626280E-1,-4.417331517E-1,7.008053548E-1
9.741811050E1,-2.116857171E-1,7.771950960E-2,-6.073741913E-1,6.478846913E-1
9.761850150E1,7.402427197E-1,7.573693991E-1,2.713637352E-1,1.093254759E0
9.781889250E1,-7.768805325E-2,-2.398385406E-1,4.786095619E-1,5.409483080E-1
9.801928350E1,-9.552515745E-1,3.115646839E-1,1.371022612E-1,1.014088336E0
9.821967450E1,7.137129307E-1,-4.879451990E-1,-1.024483562E0,1.340538411E0
9.842006508E1,3.401917964E-2,1.960282177E-1,-3.414789736E-1,3.952116599E-1
9.862045508E1,6.057494879E-1,-1.078928784E-1,3.241220117E-1,6.954339607E-1
9.882084608E1,-1.032876372E0,-1.012123525E-1,3.406474590E-1,1.092299516E0
9.902123608E1,2.303013504E-1,4.536109865E-1,-6.678777933E-2,5.130908755E-1
9.922162608E1,1.047184989E-1,1.736517549E-1,-6.899532676E-2,2.141990922E-1
9.942201708E1,8.331187069E-2,-5.106156319E-2,-4.628616869E-1,4.730635182E-1
9.962240708E1,-3.985373080E-1,2.467522770E-1,-6.818600744E-2,4.736749979E-1
9.982279708E1,2.475712001E-1,4.748454988E-1,8.425597548E-1,9.983369608E-1
1.000231871E2,-9.819722921E-2,-3.806754202E-2,1.571682245E-1,1.891921889E-1
1.002235761E2,-2.545505464E-1,4.774223641E-2,1.732917726E-1,3.116172978E-1
1.004239668E2,-2.177225351E-1,-1.083456445E-3,-2.883679569E-1,3.613313642E-1
1.006243568E2,-3.731015921E-1,-1.488909125E-1,-2.141744494E-1,4.552405920E-1
1.008247468E2,3.532583714E-1,3.854494691E-1,2.438981980E-1,5.769307594E-1
1.010251358E2,2.514389157E-2,9.072142839E-2,3.226783574E-1,3.361308007E-1
1.012255247E2,4.758348167E-1,9.431855381E-2,-3.568300009E-1,6.021979840E-1
1.014259145E2,1.209511757E-1,-3.541914821E-1,1.099975929E-1,3.901028881E-1
1.016263035E2,-2.222904414E-1,1.278119683E-1,-2.987666130E-1,3.937136379E-1
1.018266925E2,-3.023816645E-1,-1.872543804E-2,6.779945493E-1,7.426048222E-1
1.020270815E2,9.125441313E-1,-3.612824380E-1,1.522500962E-1,9.931978068E-1
1.022274705E2,-2.925412729E-3,5.837960243E-1,9.600798488E-1,1.123645706E0
1.024278593E2,-3.312518075E-2,-2.150253803E-1,-1.169202402E-1,2.469889356E-1
1.026282483E2,-4.926452339E-1,3.329691589E-1,5.405142903E-1,8.035692162E-1
1.028286373E2,4.382197559E-2,1.161794141E-1,3.290823102E-1,3.517288568E-1
1.030290253E2,4.130727947E-1,2.191473544E-1,6.067713499E-1,7.660458000E-1
1.032294143E2,-8.082458377E-2,-5.081111789E-1,3.705562055E-1,6.340516421E-1
1.034298018E2,-4.768216312E-1,-7.358891889E-3,5.411458015E-1,7.212848257E-1
1.036301908E2,7.516105771E-1,3.089844286E-1,7.901019454E-1,1.133424422E0
1.038305788E2,-2.312896848E-1,1.645072550E-1,1.993811578E-1,3.468578978E-1
1.040309668E2,-5.773299336E-1,2.655614316E-1,-1.148707047E-1,6.457770552E-1
1.042313548E2,4.002193213E-1,-1.097028553E-1,1.497809440E-1,4.411853950E-1
1.044317441E2,3.232838213E-1,8.835352063E-1,9.454568624E-1,1.333804922E0
1.046321311E2,1.147927403E0,-7.371734381E-1,-3.255678415E-1,1.402553536E0
1.048325191E2,1.509550959E-1,4.905093014E-1,1.547874361E-1,5.360466082E-1
1.050329071E2,-3.374009728E-1,-7.118304819E-2,-7.456350923E-1,8.215096674E-1
1.052332951E2,8.454475403E-1,7.086812258E-1,9.016764760E-1,1.424791595E0
1.054336833E2,5.030517653E-2,3.160126209E-1,2.809670269E-1,4.258368908E-1
1.056340703E2,1.912440211E-1,2.387918234E-1,-1.457009912E-1,3.388577715E-1
1.058344583E2,1.152152181E0,-9.345438480E-1,-2.478833310E-2,1.483725484E0
1.060348453E2,-3.635751009E-1,5.167280436E-1,-4.773287773E-1,7.918569862E-1
1.062352323E2,1.146047488E-1,2.393327802E-1,3.211045861E-1,4.165604198E-1
1.064356195E2,-3.888091445E-1,7.137109060E-3,4.605000615E-1,6.027302845E-1
1.066360075E2,-5.733427778E-2,2.738260031E-1,1.977702379E-1,3.426090576E-1
1.068363945E2,-1.229985505E-1,-3.868930042E-1,-5.683553219E-1,6.984573087E-1
1.070367815E2,-4.500018060E-1,3.737194538E-1,-3.940532207E-1,7.052983740E-1
1.072371675E2,-2.534884214E-1,9.867911041E-2,3.313737810E-1,4.287219721E-1
1.074375545E2,9.344658256E-1,-1.120200634E0,7.790146023E-2,1.460871136E0
1.076379415E2,4.463649541E-2,2.690586746E-1,7.980909348E-1,8.434062646E-1
1.078383285E2,2.201274335E-1,6.199380755E-1,2.691991329E-1,7.108076235E-1
1.080387145E2,-1.193699002E0,-1.849812120E-1,-8.082100153E-1,1.453388725E0
1.082391015E2,-1.972791255E-1,-1.917383373E-1,-7.695865035E-1,8.172796521E-1
1.084394869E2,4.385905862E-1,1.114788465E-2,1.060267836E-1,4.513620016E-1
1.086398729E2,-3.901828825E-2,1.299505532E-1,4.761052430E-1,4.950613856E-1
1.088402599E2,-1.788225956E-2,6.627587080E-1,-9.804628044E-2,6.702103799E-1
1.090406459E2,5.099496245E-1,2.634211183E-1,2.304956615E-1,6.185204565E-1
1.092410319E2,-6.427109241E-2,1.549137533E-1,-8.834158182E-1,8.991955027E-1
1.094414181E2,6.071748734E-1,-7.678493112E-2,1.524308473E-1,6.307078687E-1
1.096418041E2,-6.883827448E-1,-2.647776604E-1,1.037707552E-1,7.448129848E-1
1.098421901E2,1.265596300E-1,-3.941946104E-2,1.649910361E-1,2.116442200E-1
1.100425751E2,-9.659067392E-1,3.211499006E-2,-4.935143888E-1,1.085156050E0
1.102429611E2,8.198217303E-2,1.053337976E-1,-2.343252599E-1,2.696750138E-1
1.104433471E2,-3.500062227E-1,1.239797696E-1,-1.240986139E-1,3.915045404E-1
1.106437321E2,7.751384377E-1,-1.140372455E-1,8.790065050E-1,1.177495871E0
1.108441181E2,6.419529915E-1,1.933168918E-1,6.247563958E-1,9.164036327E-1
1.110445031E2,1.288744900E-2,1.446932852E-1,-1.882720292E-1,2.377994745E-1
1.112448881E2,-9.875314236E-1,7.119160891E-1,-6.434885859E-1,1.376996874E0
1.114452745E2,-2.951431088E-2,-6.570608020E-1,-3.710996509E-1,7.551919908E-1
1.116456595E2,4.639079869E-1,1.291855872E-1,2.088577300E-1,5.249010265E-1
1.118460445E2,-1.949568465E-2,-2.698085308E-1,1.148918048E-1,2.938993906E-1
1.120464295E2,1.852514222E-2,-3.023658097E-1,-2.317909747E-1,3.814384875E-1
1.122468145E2,-1.475920379E-1,-9.998930693E-1,-6.735200286E-1,1.214577617E0
1.124471993E2,-1.145115197E-1,3.647647798E-1,-4.739297032E-1,6.089134555E-1
1.126475833E2,-1.007403731E-1,-1.556598246E-1,1.350045055E-1,2.293574073E-1
1.128479683E2,8.739767671E-1,2.567615807E-1,7.712128162E-1,1.193537225E0
1.130483533E2,5.207821727E-1,1.188061312E-1,6.491492391E-1,8.406686046E-1
1.132487372E2,2.183858007E-1,5.344949961E-1,3.226882815E-1,6.614415967E-1
1.134491226E2,-9.536355734E-2,-3.515764773E-1,-6.966712475E-1,7.861622317E-1
1.136495066E2,-1.938493401E-1,-4.092930555E-1,-3.774027228E-1,5.895177581E-1
1.138498906E2,-4.200029373E-1,-7.117627263E-1,2.846741378E-1,8.740983987E-1
1.140502756E2,4.070422649E-1,8.003640175E-1,8.601121306E-1,1.243406146E0
1.142506596E2,2.219088227E-1,-6.015260220E-1,-6.787053943E-1,9.336584455E-1
1.144510432E2,4.696892798E-1,1.471955299E0,2.978814244E-1,1.573529080E0
1.146514272E2,-5.570720136E-2,-2.555877268E-1,-8.392347693E-1,8.790582327E-1
1.148518112E2,2.456094772E-1,8.638072759E-2,1.559004635E-1,3.034643305E-1
1.150521952E2,-5.577149391E-1,5.325091481E-1,4.621251225E-1,8.989836345E-1
1.152525792E2,2.592293024E-1,-5.411724448E-1,-2.765105069E-1,6.607007694E-1
1.154529637E2,1.638345867E-1,-9.719357491E-1,-2.188274711E-1,1.009646638E0
1.156533477E2,-3.168766797E-1,3.027858436E-1,-4.896519780E-1,6.571523087E-1
1.158537307E2,-2.495141923E-1,4.653960839E-2,2.424632907E-1,3.510152627E-1
1.160541147E2,4.730887413E-1,1.067657948E0,7.752915621E-1,1.401707336E0
1.162544977E2,2.754033804E-1,-1.989798620E-3,4.658763707E-1,5.411947653E-1
1.164548817E2,2.517494261E-1,2.539372444E-1,5.885546207E-1,6.886642428E-1
1.166552647E2,-3.390655220E-1,-2.853040099E-1,-4.357006848E-1,6.214490269E-1
1.168556487E2,-9.799221903E-2,-1.544352919E-1,-1.408240050E-1,2.308335651E-1
1.170560317E2,-2.577532232E-1,-9.156605005E-1,-6.403563172E-2,9.533999362E-1
1.172564147E2,-1.301987916E-1,3.579008579E-1,5.913606286E-1,7.033861973E-1
1.174567976E2,6.714079380E-1,-3.925615847E-1,-5.293591022E-1,9.408051212E-1
1.176571806E2,-2.877511680E-1,9.846311212E-1,6.398813128E-1,1.209027408E0
1.178575636E2,2.169943899E-1,-2.732238472E-1,-6.645798087E-1,7.506025300E-1
1.180579466E2,2.465486676E-1,3.607258201E-1,1.812882572E-1,4.730484066E-1
1.182583296E2,-2.966617048E-1,-1.828523278E-1,2.141016722E-1,4.090020378E-1
1.184587120E2,-4.216050729E-2,2.295231670E-1,-3.295612931E-1,4.038180760E-1
1.186590950E2,4.105216563E-1,-8.260175586E-1,-7.799949646E-1,1.207983933E0
1.188594780E2,-5.690500140E-2,4.798610508E-1,-2.264134437E-1,5.336364444E-1
1.190598600E2,-4.057243466E-1,6.575002074E-1,6.158760190E-1,9.880394926E-1
1.192602430E2,2.724217772E-1,4.971595109E-1,1.451621413E0,1.558392098E0
1.194606248E2,3.318100572E-1,1.722570807E-1,5.180914998E-1,6.388968759E-1
1.196610078E2,-1.576729119E-1,7.706267834E-1,4.509088397E-1,9.066670657E-1
1.198613898E2,-3.290231526E-1,-5.480719805E-1,-1.060343981E0,1.238131047E0
1.200617718E2,-6.352218390E-1,-2.403954715E-1,-5.570567846E-1,8.784127895E-1
1.202621538E2,1.115772605E0,-7.874646038E-2,5.810809731E-1,1.260477929E0
1.204625378E2,6.528731585E-1,4.271335304E-1,9.406137466E-1,1.222064088E0
1.206629198E2,3.886122704E-1,1.029986739E0,5.098493099E-1,1.213193512E0
1.208633018E2,-7.883026004E-1,-1.721731871E-1,-4.691528976E-1,9.333643648E-1
1.210636838E2,-4.207557440E-1,-1.711785048E-1,-5.506488085E-1,7.138288218E-1
1.212640658E2,-4.310270846E-1,-1.017596126E0,-4.670926630E-1,1.199775720E0
1.214644466E2,5.770048499E-1,2.413517088E-1,4.627032578E-1,7.779971394E-1
1.216648286E2,-3.302716836E-2,-8.002417088E-1,-2.901286185E-1,8.518522181E-1
1.218652106E2,-1.287378073E-1,4.167286158E-1,-2.457166463E-1,5.006124574E-1
1.220655926E2,-1.305446178E-1,-4.617404640E-1,-8.212416172E-1,9.511487513E-1
1.222659736E2,2.782025933E-1,4.227253199E-1,4.193526208E-1,6.572290313E-1
1.224663553E2,-7.779573202E-1,4.104606807E-2,2.615452111E-1,8.217714215E-1
1.226667363E2,5.246785656E-2,8.101219684E-2,-2.660283744E-1,2.829963746E-1
1.228671173E2,1.803821623E-1,-4.455480278E-1,-5.084553957E-1,6.996982628E-1
1.230674993E2,-5.189562961E-2,3.825858235E-1,-5.605275631E-1,6.806292807E-1
1.232678803E2,3.102658093E-1,3.180877771E-3,3.279045224E-1,4.514381090E-1
1.234682613E2,7.292494774E-1,5.860541463E-1,1.064792275E0,1.417408499E0
1.236686423E2,2.141080052E-1,7.048174739E-2,2.111760378E-1,3.088773762E-1
1.238690233E2,-6.362091303E-1,1.595143229E-1,-4.209149182E-1,7.793434705E-1
1.240694042E2,-4.897597432E-1,-7.904529572E-2,-4.912687838E-1,6.981817692E-1
1.242697853E2,9.972922504E-2,1.444335729E-1,6.945265830E-2,1.887608197E-1
1.244701662E2,-1.460782140E-1,-4.623267055E-1,-2.433158457E-1,5.424826522E-1
1.246705462E2,3.715983629E-1,7.255716324E-1,6.754106283E-1,1.058640191E0
1.248709272E2,2.490138412E-1,-2.698813975E-1,3.546546996E-1,5.105132885E-1
1.250713082E2,4.041552246E-1,3.285442293E-1,6.837208569E-2,5.253165695E-1
1.252716882E2,4.045380652E-1,-4.618165791E-1,-1.091719151E0,1.252508005E0
1.254720700E2,-1.661991179E-1,6.256870180E-2,6.091524959E-1,6.345106401E-1
1.256724500E2,-4.034620225E-1,5.435135961E-1,6.629259586E-1,9.474489218E-1
1.258728310E2,-3.771317303E-1,7.221670239E-4,1.147683561E-1,3.942088775E-1
1.260732110E2,-6.490484476E-1,-7.114783525E-1,-6.527128816E-1,1.163399948E0
1.262735910E2,1.752642989E-1,1.526865959E-1,-2.644639909E-1,3.520965401E-1
1.264739706E2,-4.026331007E-1,-1.041852459E-1,-9.062860161E-2,4.256542291E-1
1.266743506E2,9.921018481E-1,4.890588224E-1,6.680896282E-1,1.292202910E0
1.268747306E2,-3.349792585E-2,2.755280435E-1,5.230914950E-1,5.921676502E-1
1.270751106E2,-7.370265126E-1,7.827643156E-1,-1.574653089E-1,1.086610960E0
1.272754906E2,3.183652163E-1,-3.418963552E-1,-5.871306062E-1,7.503145189E-1
1.274758699E2,-6.698976755E-1,-6.434093118E-1,-7.026571035E-1,1.164673964E0
1.276762499E2,4.894933105E-1,-8.859812617E-1,-2.404281646E-1,1.040371183E0
1.278766299E2,2.718475461E-2,6.874613762E-1,7.563158274E-1,1.022426421E0
1.280770089E2,-1.568791121E-1,2.288908064E-1,-1.584791183E0,1.608901847E0
1.282773889E2,-1.507477462E-1,2.085950784E-2,7.299227268E-2,1.687835120E-1
1.284777688E2,1.872443557E-1,-3.344975710E-1,-6.098784208E-1,7.203476674E-1
1.286781478E2,3.701458871E-1,5.994573832E-1,3.280832767E-1,7.771716467E-1
1.288785268E2,-4.349414259E-2,7.746815681E-2,1.546143889E-1,1.783218019E-1
1.290789068E2,-6.024456397E-2,-4.016203061E-2,-2.204615325E-1,2.320467270E-1
1.292792858E2,1.006592810E-2,7.177084684E-1,-8.562467098E-1,1.117302643E0
1.294796652E2,8.426655084E-3,-3.751187623E-1,-7.584484816E-1,8.461850823E-1
1.296800452E2,7.176347971E-1,-1.377685964E-1,6.015263796E-1,9.464744442E-1
1.298804242E2,-6.309908628E-1,1.246000528E0,9.237230420E-1,1.674494265E0
1.300808032E2,1.435489953E-1,-4.703209400E-1,3.649169505E-1,6.123499664E-1
1.302811822E2,-7.637535930E-1,-8.591787219E-1,-1.365896463E0,1.785267704E0
1.304815616E2,5.164031386E-1,1.989197880E-1,-3.429688215E-1,6.510521455E-1
1.306819396E2,-6.377964020E-1,6.548866034E-1,-4.459907711E-1,1.017137396E0
1.308823186E2,-4.161281884E-2,2.177684009E-1,5.806773305E-1,6.215632432E-1
1.310826976E2,3.831517696E-1,5.997180343E-1,2.492800206E-1,7.540606924E-1
1.312830766E2,-4.463737607E-1,4.617588222E-2,5.772275329E-1,7.311452462E-1
1.314834543E2,8.695165813E-2,-2.013861388E-1,-7.152286768E-1,7.481103046E-1
1.316838333E2,-7.742872238E-1,-3.517160714E-1,-4.584612548E-1,9.661323005E-1
1.318842113E2,2.754918039E-1,-1.053543568E0,1.757291257E-1,1.103055080E0
1.320845893E2,5.221475363E-1,1.221580803E-1,9.165899754E-1,1.061931179E0
1.322849683E2,-3.468563408E-2,3.901168704E-1,-2.380076200E-1,4.583032762E-1
1.324853459E2,-8.070273399E-1,-2.498962432E-1,-2.549469471E-1,8.824620137E-1
1.326857239E2,-1.071220189E-1,-3.739509583E-1,-1.093445301E0,1.160576181E0
1.328861019E2,1.683466882E-1,1.338882744E-1,2.081535012E-1,2.993234997E-1
1.330864799E2,4.248465002E-1,2.020530105E-1,9.858561754E-1,1.092351759E0
1.332868579E2,-4.167907834E-1,-3.972856998E-1,-3.818251938E-2,5.770687907E-1
1.334872363E2,9.610283971E-1,1.050091833E-1,-2.775827348E-1,1.005810461E0
1.336876143E2,-1.780869812E-1,2.789128758E-2,-9.163905978E-1,9.339510825E-1
1.338879923E2,-6.113747954E-1,-1.625917256E-1,1.734864712E-1,6.559822905E-1
1.340883703E2,1.427966952E-1,1.270274401E0,1.372949123E0,1.875893719E0
1.342887473E2,1.023557544E0,-1.006366313E-1,5.546178818E-1,1.168502791E0
1.344891251E2,-8.733334541E-1,-4.165254533E-1,-9.832963347E-1,1.379520372E0
1.346895021E2,-6.961990148E-2,-1.026655957E-1,-6.202312112E-1,6.325139608E-1
1.348898801E2,3.900167644E-1,1.837514043E-1,-4.876300991E-1,6.508922865E-1
1.350902571E2,-3.677873686E-2,-1.362909913E0,-4.200181067E-1,1.426636365E0
1.352906341E2,3.278550208E-1,5.895354748E-1,1.087925076E0,1.280086701E0
1.354910121E2,-3.962112963E-1,-1.576467901E-1,-9.660363793E-1,1.055965051E0
1.356913891E2,-1.128694937E-1,8.070395589E-1,5.941954851E-1,1.008523994E0
1.358917661E2,1.473172754E-2,-3.784433007E-1,-7.522903085E-1,8.422452516E-1
1.360921431E2,-1.852635592E-1,4.067744613E-1,3.722556233E-1,5.816891763E-1
1.362925201E2,1.660760492E-1,-2.810046077E-1,1.118027866E-1,3.450285593E-1
1.364928976E2,-1.120186299E-1,-7.965577245E-1,-7.834228873E-1,1.122855201E0
1.366932746E2,8.642959595E-2,-1.411302209E0,-3.448349535E-1,1.455388314E0
1.368936516E2,1.719241738E-1,2.107947171E-1,-2.959208488E-1,4.019471148E-1
1.370940276E2,2.172914892E-1,1.731473655E-1,4.875208437E-1,5.611347205E-1
1.372944046E2,-1.835429966E-1,3.525030613E-1,4.430268705E-1,5.951632111E-1
1.374947815E2,3.409826458E-1,1.702747494E-1,6.553382277E-1,7.581100499E-1
1.376951575E2,-4.906303883E-1,-4.586971700E-1,-8.112664223E-1,1.053221002E0
1.378955345E2,-1.269883960E-1,-8.840546012E-3,-4.182093441E-1,4.371535926E-1
1.380959105E2,-6.269975901E-1,4.680201039E-2,-3.891814053E-1,7.394447730E-1
1.382962865E2,1.192916393E0,-6.111868471E-2,6.509944797E-1,1.360359815E0
1.384966630E2,-4.204524308E-2,2.380119562E-1,7.700258493E-1,8.070670991E-1
1.386970390E2,-6.528781652E-1,-1.639294177E-1,-1.215743795E-1,6.840344161E-1
1.388974150E2,-2.388648838E-1,1.012085319E0,6.280158162E-1,1.214815620E0
1.390977910E2,2.516492307E-1,9.617660940E-2,-7.636284828E-1,8.097565901E-1
1.392981670E2,2.188194990E-1,4.660246670E-1,5.772998184E-2,5.180672874E-1
1.394985432E2,4.701868594E-1,-1.260341853E-1,1.747539937E-1,5.172033033E-1
1.396989192E2,-6.202996150E-2,-5.367519855E-1,-3.634763360E-1,6.512030843E-1
1.398992952E2,2.795625329E-1,-1.269090772E0,-8.290266991E-1,1.541438245E0
1.400996712E2,1.018858626E-1,4.703711271E-1,-2.992545068E-1,5.667300822E-1
1.403000462E2,-1.117020607E0,3.956212103E-2,2.915519178E-1,1.155120218E0
1.405004229E2,-3.884345591E-1,-1.058632851E0,-1.598654836E-1,1.138921372E0
1.407007989E2,3.014023304E-1,1.407630742E-1,1.133980513E0,1.181765379E0
1.409011739E2,2.425349057E-1,1.098145008E0,9.513160586E-2,1.128625563E0
1.411015499E2,2.951356471E-1,-3.772059679E-1,-5.861983895E-1,7.569794874E-1
1.413019249E2,-1.331604868E-1,2.918115854E-1,-4.788847864E-1,5.763821261E-1
1.415022995E2,-1.264401525E-1,-1.625496864E0,-2.773553431E-1,1.653829844E0
1.417026745E2,-3.029265106E-1,2.983976305E-1,6.774157286E-1,7.998110314E-1
1.419030505E2,-2.022971958E-2,7.619052380E-2,-4.442480803E-1,4.511879811E-1
1.421034255E2,-2.785710990E-1,8.482485414E-1,2.267053872E-1,9.211529611E-1
1.423038005E2,1.636349559E-1,-1.901833415E-1,-7.308551669E-1,7.727194686E-1
1.425041756E2,1.991954446E-1,7.069179416E-1,1.097906083E-1,7.426074191E-1
1.427045506E2,2.754224837E-1,-4.707383811E-1,-1.130042132E-2,5.455088153E-1
1.429049256E2,4.671460986E-1,-4.294775724E-1,-4.367355108E-1,7.703339335E-1
1.431053006E2,5.110083818E-1,-1.840680003E0,-2.999001741E-1,1.933694018E0
1.433056746E2,-7.691781223E-2,6.644213796E-1,-3.674394488E-1,7.631407917E-1
1.435060493E2,-1.100010052E-1,-5.118203163E-2,3.965153396E-1,4.146615922E-1
1.437064243E2,-7.198588550E-2,5.493546724E-1,4.068421125E-1,6.873812831E-1
1.439067983E2,6.612005830E-1,-8.412145823E-2,9.768801332E-1,1.182606200E0
1.441071733E2,-2.129611075E-1,7.230590582E-1,3.907108307E-1,8.490122426E-1
1.443075473E2,-6.125180125E-1,-7.955036163E-1,-8.080404401E-1,1.288772157E0
1.445079229E2,-2.310776711E-1,-2.696958780E-1,-3.160907924E-1,4.754431046E-1
1.447082969E2,5.530195832E-1,-2.793093324E-1,-4.083587825E-1,7.420251059E-1
1.449086709E2,4.348836374E-3,3.439217806E-2,3.931331336E-1,3.946585804E-1
1.451090449E2,-1.557768434E-1,1.152887344E0,6.649839282E-1,1.340007193E0
1.453094189E2,-1.258677363E0,-9.679655731E-2,-5.788550973E-1,1.388780581E0
1.455097921E2,3.536929190E-1,2.205036134E-1,-6.908615232E-1,8.068520116E-1
1.457101661E2,-3.875699043E-1,2.094117701E-1,3.364327848E-1,5.543020286E-1
1.459105401E2,7.280145288E-1,1.390801817E-1,6.509875655E-1,9.864751702E-1
1.461109141E2,-1.395874023E0,-7.243908644E-1,1.625705138E-2,1.572727155E0
1.463112881E2,8.371551633E-1,-2.567684650E-1,-3.322495520E-1,9.365621052E-1
1.465116628E2,2.471984923E-1,-1.613427997E-1,-7.302738428E-1,7.876791727E-1
1.467120368E2,2.486324161E-1,8.835647106E-1,6.302298307E-1,1.113415608E0
1.469124098E2,1.390958130E-1,-6.664030999E-2,5.535694957E-1,5.746544724E-1
1.471127838E2,4.146542028E-2,-8.887426257E-1,-1.733828783E0,1.948780410E0
1.473131568E2,5.262892246E-1,-5.060678124E-1,-2.972745001E-1,7.883255084E-1
1.475135308E2,2.995152473E-1,4.880860075E-2,-3.012877405E-1,4.276283029E-1
1.477139038E2,-3.188775182E-1,7.174531221E-1,1.076968789E0,1.332772909E0
1.479142768E2,-3.925628588E-2,-1.498319805E-1,2.727850676E-1,3.136915227E-1
1.481146508E2,-2.075056285E-1,-1.504920721E-1,-5.247244984E-2,2.616482517E-1
1.483150238E2,1.801723987E-1,-3.724220991E-1,-6.204479933E-1,7.457318724E-1
1.485153961E2,2.570690811E-1,5.862451792E-1,-4.855686799E-2,6.419701644E-1
1.487157691E2,-3.529345691E-1,-7.081778049E-1,1.479302049E-1,8.049608432E-1
1.489161421E2,-2.467505783E-1,1.247702003E0,7.688688636E-1,1.486205055E0
1.491165151E2,8.923511207E-2,-1.772674173E-2,4.425108731E-1,4.517665497E-1
1.493168881E2,-5.327566266E-1,-3.634584546E-1,-6.602880955E-1,9.229908128E-1
1.495172608E2,5.200178623E-1,-2.810283098E-3,-2.782815397E-1,5.898025857E-1
1.497176338E2,4.403402656E-2,5.394658819E-2,1.668107808E-1,1.807624586E-1
1.499180058E2,1.868209243E-1,-8.031346798E-1,3.871954381E-1,9.109597570E-1
1.501183788E2,3.940068781E-1,4.450025558E-1,5.093346238E-1,7.827454591E-1
1.503187518E2,5.002999902E-1,4.813413918E-1,2.446592897E-1,7.361031067E-1
1.505191246E2,-5.279725194E-1,-5.447779596E-2,-4.649880528E-1,7.056463001E-1
1.507194976E2,-1.032043025E-1,-9.852400422E-2,-6.144204736E-1,6.307698675E-1
1.509198696E2,-8.283260465E-1,-6.183437109E-1,-2.500136197E-1,1.063475338E0
1.511202426E2,-2.626231015E-1,-7.822106779E-2,1.947909594E-1,3.362037280E-1
1.513206146E2,8.567447215E-2,-3.222504556E-1,-2.929769754E-1,4.438704535E-1
1.515209868E2,1.346957833E-1,1.220158458E0,6.549182534E-1,1.391347381E0
1.517213588E2,2.551607788E-1,-4.289498031E-1,-6.998075247E-1,8.595554247E-1
1.519217308E2,4.813701212E-1,1.750205904E-1,6.354657412E-1,8.161899956E-1
1.521221028E2,-1.728977710E-1,6.752791405E-1,4.946420789E-1,8.547317374E-1
1.523224758E2,6.755592227E-1,-6.896725297E-1,-9.884527326E-2,9.704632140E-1
1.525228476E2,2.217621654E-1,-4.373241961E-1,-5.191780925E-1,7.141266010E-1
1.527232186E2,2.935158014E-1,2.982698381E-1,-2.793308198E-1,5.031323175E-1
1.529235906E2,5.375448465E-1,2.170854360E-1,-3.195270896E-2,5.806044472E-1
1.531239626E2,-7.961694598E-1,5.712630749E-1,2.965021431E-1,1.023787493E0
1.533243346E2,-6.496309638E-1,1.990527391E0,2.382976115E-1,2.107369317E0
1.535247058E2,-1.086963773E0,-8.908097744E-1,-5.657874942E-1,1.514974517E0
1.537250778E2,6.487448812E-1,3.608855307E-1,-2.906967103E-1,7.972533252E-1
1.539254488E2,-6.129924655E-1,-2.733634710E-1,1.494269520E-1,6.876160004E-1
1.541258208E2,4.155121446E-1,-2.588998973E-1,9.567006826E-1,1.074688650E0
1.543261918E2,6.892589927E-1,3.467399776E-1,9.519962668E-1,1.225399308E0
1.545265631E2,-2.309018970E-1,6.156867146E-1,6.912178546E-2,6.611835130E-1
1.547269341E2,-6.914958358E-1,-5.393298268E-1,-7.820780277E-1,1.175027316E0
1.549273051E2,-4.031586647E-1,-1.122538466E-2,-3.533883691E-1,5.362333984E-1
1.551276761E2,4.002923891E-2,8.537635952E-2,1.689302772E-1,1.934655042E-1
1.553280471E2,2.444610298E-1,5.456841588E-1,3.947443366E-1,7.164883024E-1
1.555284186E2,6.342783570E-2,-6.547063589E-1,-7.458500266E-1,9.944625528E-1
1.557287896E2,1.519557834E0,3.288515210E-1,3.703793287E-1,1.598242841E0
1.559291606E2,-3.747068048E-1,2.198744565E-1,-6.563528180E-1,7.871143423E-1
1.561295316E2,2.184418291E-1,2.507094443E-1,2.824310064E-1,4.362789607E-1
1.563299026E2,8.568785787E-1,2.345385104E-1,6.316983700E-1,1.090088089E0
1.565302734E2,1.460418403E-1,-9.072303772E-1,3.296277225E-1,9.762425989E-1
1.567306434E2,-6.972709298E-1,-1.081877708E0,-1.143827796E0,1.721914096E0
1.569310144E2,-1.364686340E-1,4.055931866E-1,-2.361775190E-1,4.887835324E-1
1.571313854E2,-3.620034754E-1,-3.254894316E-1,8.376565762E-3,4.868881321E-1
1.573317554E2,3.970049620E-1,4.918433130E-1,5.604499578E-1,8.447644285E-1
1.575321268E2,4.168522358E-1,-3.348207474E-2,8.421770930E-1,9.402920248E-1
1.577324968E2,-4.358743131E-2,6.511538625E-1,2.674064785E-2,6.531586936E-1
1.579328668E2,-1.161428913E-1,-6.439981461E-1,-4.088808000E-1,7.716257460E-1
1.581332378E2,-3.907885253E-1,-2.189770192E-1,-7.124175429E-1,8.415493818E-1
1.583336078E2,-3.043689728E-1,-1.017338514E0,-4.359776974E-1,1.147908828E0
1.585339780E2,-3.256012201E-1,2.811529338E-1,2.735196948E-1,5.097804922E-1
1.587343480E2,2.133399993E-1,-3.321254253E-1,1.254794300E-1,4.142056745E-1
1.589347180E2,-3.387047946E-1,7.511543632E-1,2.187694460E-1,8.525338033E-1
1.591350880E2,9.772144258E-2,-1.456613690E-1,-1.003632903E0,1.018845287E0
1.593354580E2,2.152978033E-1,8.010292649E-1,5.795113444E-1,1.011847037E0
1.595358271E2,5.707421154E-2,2.240284905E-2,3.412335515E-1,3.466982693E-1
1.597361971E2,1.427435428E-1,-7.354983687E-1,9.645296261E-3,7.492840591E-1
1.599365671E2,-6.734362245E-1,-7.474908233E-1,-1.152165771E0,1.529622451E0
1.601369361E2,-7.715998590E-2,3.097555637E-1,-9.481042624E-2,3.330032877E-1
1.603373061E2,8.642753959E-2,-6.161851287E-1,-4.005278647E-1,7.399840558E-1
1.605376757E2,-1.834140122E-1,4.666216671E-1,8.470330834E-1,9.842974777E-1
1.607380447E2,6.811373234E-1,-3.630211577E-2,7.860106826E-1,1.040710666E0
1.609384137E2,-4.576136470E-1,1.465627700E-1,-6.534616649E-2,4.849340336E-1
1.611387837E2,1.172477230E-1,-7.076569796E-1,-5.640138984E-1,9.124895105E-1
1.613391527E2,-3.819390535E-1,-1.868818849E-1,-2.242296487E-1,4.807090751E-1
1.615395226E2,6.500040293E-1,2.190170139E-1,6.784548759E-1,9.647666605E-1
1.617398926E2,4.709542990E-1,-5.181175098E-2,6.731691957E-1,8.231884203E-1
1.619402616E2,-1.640028954E-1,1.067249894E0,1.486507654E-1,1.089961621E0
1.621406306E2,-9.575210214E-1,-7.146255672E-2,-4.823208451E-1,1.074517008E0
1.623409996E2,-1.873989403E-1,-3.950593472E-1,-7.541794181E-1,8.717665085E-1
1.625413683E2,-6.628004313E-1,-4.356338382E-1,-6.032182574E-1,9.964705308E-1
1.627417373E2,1.370770186E-1,2.624528706E-1,5.571045876E-1,6.309018464E-1
1.629421063E2,4.735080004E-1,-5.505568385E-1,4.383473471E-2,7.274916789E-1
1.631424753E2,5.228227973E-1,6.391232014E-1,8.431361914E-1,1.180127443E0
1.633428433E2,1.492350101E-1,5.313736200E-1,-7.433925271E-1,9.258841513E-1
1.635432123E2,4.707325995E-1,1.436252892E-1,1.908547878E-1,5.278664168E-1
1.637435813E2,-4.554196894E-1,5.404886603E-1,3.860417008E-1,8.053342662E-1
1.639439493E2,-1.331652641E0,8.338655829E-1,2.077628970E-1,1.584864659E0
1.641443183E2,-7.091124654E-1,-7.099267840E-1,-1.290410161E0,1.634623783E0
1.643446863E2,6.082513928E-1,-4.018247426E-1,-3.525332808E-1,8.097608256E-1
1.645450553E2,-4.252594113E-1,2.628340721E-1,5.217219144E-2,5.026422723E-1
1.647454233E2,8.265597820E-1,-6.972115636E-1,6.712797284E-1,1.272761373E0
1.649457913E2,-2.987673134E-2,2.829966247E-1,7.779145837E-1,8.283301324E-1
1.651461603E2,1.810858846E-1,9.560199380E-1,1.668770015E-1,9.872254824E-1
1.653465283E2,-2.999961674E-1,-1.138388515E-1,3.705904484E-1,4.901981895E-1
1.655468961E2,-1.403719485E-1,9.040337056E-2,-1.160408378E0,1.172358587E0
1.657472641E2,-7.674969435E-1,-9.214316010E-1,-6.632910371E-1,1.370417000E0
1.659476321E2,3.853415847E-1,1.642771661E-1,5.014082789E-1,6.533646657E-1
1.661480001E2,7.137434185E-2,-2.885004282E-1,-4.813913405E-1,5.657423587E-1
1.663483681E2,2.085791528E-1,8.115859032E-1,6.325349808E-1,1.049894015E0
1.665487367E2,6.448601186E-2,-3.009436727E-1,-6.971469522E-1,7.620626042E-1
1.667491047E2,3.035292327E-1,3.720259964E-1,1.666429639E-1,5.082353929E-1
1.669494717E2,-2.447874695E-1,1.110187694E-1,1.879713126E-2,2.694427667E-1
1.671498397E2,-3.085592091E-1,-7.251123339E-2,3.372101784E-1,4.627930087E-1
1.673502077E2,-4.309770167E-1,-9.087377191E-1,-1.072370052E0,1.470211876E0
1.675505740E2,2.584131956E-1,1.411629170E-1,-6.473329067E-1,7.111569735E-1
1.677509420E2,-3.414307255E-3,4.518752694E-1,3.446150124E-1,5.682978298E-1
1.679513090E2,8.009626865E-1,5.605866909E-1,1.229448199E0,1.570777367E0
1.681516770E2,6.395217180E-1,3.973834813E-1,9.179511070E-1,1.187238769E0
1.683520440E2,-2.750288546E-1,3.623697460E-1,2.679657042E-1,5.279756834E-1
1.685524116E2,5.064939260E-1,-7.023611665E-1,-3.747424781E-1,9.435460933E-1
1.687527796E2,-1.137021929E-1,-6.161506772E-1,5.777630582E-2,6.292121639E-1
1.689531466E2,3.172261715E-1,6.922551244E-2,4.202418327E-1,5.310629091E-1
1.691535136E2,1.029461995E-1,1.015212461E-1,5.081504583E-1,5.283193842E-1
1.693538806E2,3.688964844E-1,2.206905335E-1,-1.958558708E-1,4.723859121E-1
1.695542477E2,-1.062371850E0,-1.128036305E-1,-3.147939742E-1,1.113756640E0
1.697546147E2,-5.800619721E-2,-1.681523025E-1,-7.391141653E-1,7.602168540E-1
1.699549817E2,-3.924638629E-1,1.767323166E-1,-1.168276295E-1,4.459942717E-1
1.701553487E2,4.856602848E-2,-3.573709428E-1,3.658801783E-3,3.606744193E-1
1.703557157E2,6.257005334E-1,9.109056592E-1,1.258052588E-1,1.112239741E0
1.705560826E2,6.104267240E-1,-7.347951531E-1,-3.921095729E-1,1.032615427E0
1.707564486E2,-2.635875940E-1,7.244921327E-1,-3.997691572E-1,8.684368999E-1
1.709568156E2,6.729209423E-1,-1.218053699E-1,3.223308027E-1,7.560134186E-1
1.711571816E2,-2.162453085E-1,9.342855811E-1,6.935272813E-1,1.183482856E0
1.713575486E2,2.854714096E-1,-6.012347341E-1,-2.733971477E-1,7.195297989E-1
1.715579141E2,-5.931609273E-1,-1.229533195E0,-9.502658844E-1,1.663309056E0
1.717582811E2,5.052417517E-1,1.071937159E-1,-2.989639938E-1,5.967739856E-1
1.719586471E2,-6.012793779E-1,-2.778327465E-1,4.122077227E-1,7.801558383E-1
1.721590141E2,2.022454739E-1,1.099178076E0,8.702297807E-1,1.416472924E0
1.723593801E2,1.886026263E-1,1.619257405E-2,5.609421730E-1,5.920213438E-1
1.725597461E2,6.403154135E-2,3.311277181E-2,2.394213974E-1,2.500381961E-1
1.727601121E2,8.490687013E-1,-4.902914464E-1,-5.382705331E-1,1.118498336E0
1.729604781E2,-1.427446157E-1,-1.338944286E-1,-4.189215973E-2,2.001466871E-1
1.731608441E2,9.805763960E-1,-5.263994336E-1,3.769496977E-1,1.175039364E0
1.733612101E2,1.639081091E-1,-2.960884012E-2,4.168091118E-1,4.488567559E-1
1.735615768E2,-2.809504047E-2,8.161003590E-1,-1.551177204E-1,8.311862814E-1
1.737619428E2,-6.409978867E-1,-1.398650706E-1,2.318867892E-1,6.958534412E-1
1.739623088E2,-3.861121237E-1,-1.895984113E-1,-1.004911542E0,1.093104449E0
1.741626748E2,-8.223827928E-3,-5.656443536E-2,-2.125915289E-1,2.201416018E-1
1.743630398E2,1.942287683E-1,-8.952725679E-3,6.240287423E-1,6.536182655E-1
1.745634058E2,2.820180953E-1,-4.400896728E-1,-3.660497665E-1,6.381266001E-1
1.747637718E2,-1.087867245E-1,5.868991017E-1,3.074626625E-1,6.714301124E-1
1.749641368E2,2.439573556E-1,-2.544185817E-1,-4.213235974E-1,5.493246580E-1
1.751645028E2,5.156458020E-1,6.632843018E-1,9.369437099E-1,1.258451498E0
1.753648678E2,1.793676317E-1,-2.363411337E-2,8.732108772E-2,2.008887527E-1
1.755652335E2,4.816040397E-2,1.433381587E-1,1.320328284E-2,1.517879407E-1
1.757655985E2,-5.875350833E-1,-1.425626397E0,-9.065818787E-1,1.788714287E0
1.759659635E2,5.113782883E-1,4.715332389E-1,-2.356097996E-1,7.344135938E-1
1.761663295E2,-2.844512463E-1,-5.028542280E-1,1.987193525E-1,6.109535720E-1
1.763666945E2,6.312130094E-1,5.168298483E-1,1.207947373E0,1.457628146E0
1.765670592E2,1.226042658E-1,-2.362752706E-1,5.193364024E-1,5.835821351E-1
1.767674242E2,7.332341671E-1,7.343415022E-1,2.762559056E-1,1.073874812E0
1.769677892E2,8.365505934E-2,-1.056070253E-1,-1.795158088E-1,2.244480750E-1
1.771681542E2,-3.997254372E-1,-5.935527012E-2,-4.694283605E-1,6.194081520E-1
1.773685192E2,-6.497030258E-1,6.641682386E-1,1.067989171E-1,9.352216206E-1
1.775688848E2,2.950086892E-1,1.220195889E-1,6.326718926E-1,7.086555091E-1
1.777692498E2,-3.071734309E-1,2.292105556E-1,4.836314544E-2,3.863055646E-1
1.779696148E2,-2.065218389E-1,4.372056723E-1,5.887361765E-1,7.618466744E-1
1.781699788E2,-1.579678059E-1,-1.333712041E-1,-6.277934313E-1,6.609586206E-1
1.783703438E2,6.985284388E-3,7.543307543E-1,3.416178226E-1,8.281101484E-1
1.785707080E2,-1.455070376E-1,3.033163846E-1,3.883056641E-1,5.137649422E-1
1.787710720E2,9.690384567E-2,-3.548212349E-1,1.688360870E-1,4.047148235E-1
1.789714370E2,-4.875791073E-2,-1.065713763E0,-7.464880347E-1,1.302062804E0
1.791718010E2,-1.028047949E-1,4.534528852E-1,-5.356593132E-1,7.093089910E-1
1.793721660E2,-5.112163424E-1,-7.782828808E-1,4.847742617E-2,9.324250384E-1
1.795725305E2,6.361833811E-1,2.513265610E-1,8.889929056E-1,1.121696359E0
1.797728945E2,8.334532380E-1,-3.625998795E-1,4.435370564E-1,1.011359527E0
1.799732595E2,-1.489165239E-2,4.056850970E-1,2.958729863E-1,5.023375193E-1
1.801736235E2,-6.213116646E-1,-3.813818395E-1,-8.438011408E-1,1.115114639E0
1.803739875E2,-1.166085228E-1,-2.584920228E-1,-4.448958933E-1,5.275869875E-1
1.805743517E2,-8.789288998E-2,9.572106600E-1,9.155183434E-1,1.327460449E0
1.807747157E2,8.027033210E-1,4.469761550E-1,1.574046254E0,1.822564653E0
1.809750797E2,4.601745680E-2,-4.114140868E-1,-1.067760587E-1,4.275281089E-1
1.811754437E2,9.865978360E-1,6.939592771E-3,2.236619741E-1,1.011656131E0
1.813758077E2,-2.713118196E-1,4.676309228E-1,9.569214284E-2,5.490407722E-1
1.815761718E2,9.028847814E-1,4.494110048E-1,8.015389442E-1,1.288268551E0
1.817765358E2,-5.054773688E-1,-1.760324985E-1,2.421007901E-1,5.874585973E-1
1.819768998E2,-1.359825209E-2,2.758800611E-2,7.633670568E-1,7.639864358E-1
1.821772628E2,-1.006975889E0,-8.783290386E-1,-6.793237329E-1,1.498980679E0
1.823776267E2,-2.070576698E-1,4.701192081E-1,-3.758599460E-1,6.365183795E-1
1.825779906E2,-1.638983190E-1,3.024032712E-1,-5.063974112E-2,3.476705061E-1
1.827783536E2,1.021062970E0,4.167688787E-1,7.789222002E-1,1.350179870E0
1.829787176E2,1.804420054E-1,5.758851767E-1,1.022869229E0,1.187629788E0
1.831790806E2,-1.438148916E-1,4.872245193E-1,-4.539095461E-1,6.812520321E-1
1.833794446E2,-3.075228631E-1,4.114463925E-2,-1.252153702E-2,3.105156704E-1
1.835798076E2,-3.145829737E-1,4.555057362E-2,-8.033598661E-1,8.639585503E-1
1.837801706E2,-5.331369042E-1,-4.436371028E-1,-1.187891126E0,1.375548677E0
1.839805346E2,5.889483690E-1,-2.876935601E-1,5.281700492E-1,8.417786923E-1
1.841808976E2,7.292873859E-1,-9.716950655E-1,-4.827389419E-1,1.307321031E0
1.843812606E2,-7.745271325E-1,-8.527538180E-1,-3.773993552E-1,1.212234147E0
1.845816238E2,1.972282678E-1,7.912225127E-1,-6.164678931E-1,1.022235158E0
1.847819868E2,-1.360025853E-1,4.109883681E-2,-1.456239522E-1,2.034506157E-1
1.849823498E2,4.824224114E-1,4.763495028E-1,1.402161866E-1,6.923155429E-1
1.851827128E2,1.762572080E-1,-1.748382598E-1,5.153346062E-1,5.720181612E-1
1.853830758E2,3.001118600E-1,4.671845138E-1,1.423192471E-1,5.732218302E-1
1.855834381E2,-6.594560742E-1,-2.738379240E-1,-3.868771791E-1,8.121228197E-1
1.857838011E2,2.589105666E-1,-8.219723403E-2,-1.062331915E0,1.096512729E0
1.859841631E2,-8.800397515E-1,-6.564059258E-1,-1.992791593E-1,1.115818483E0
1.861845261E2,-3.563069403E-1,8.168678731E-2,3.120200634E-1,4.806078307E-1
1.863848891E2,-4.465363622E-1,-1.121515185E-1,-1.253670547E-2,4.605755691E-1
1.865852511E2,1.311690331E0,1.752019674E-1,9.857758284E-1,1.650145823E0
1.867856141E2,2.132725120E-1,2.173600793E-1,-4.602285922E-1,5.518522678E-1
1.869859761E2,3.667913079E-1,6.331819296E-2,4.041807353E-1,5.494607574E-1
1.871863391E2,-3.489128351E-1,-1.878495216E-1,1.792343706E-1,4.349167379E-1
1.873867011E2,1.414361689E-2,2.568333745E-1,2.743333280E-1,3.760614298E-1
1.875870642E2,-8.787483573E-1,-7.975521684E-1,-7.682227492E-1,1.413666980E0
1.877874262E2,-4.382160902E-1,6.936112642E-1,-8.408275247E-2,8.247422851E-1
1.879877882E2,-2.427397519E-1,4.552680850E-1,4.145593047E-1,6.618542389E-1
1.881881502E2,6.087632179E-1,-1.279130578E0,-8.663202822E-2,1.419250788E0
1.883885122E2,1.675220132E-1,-8.037906885E-2,8.479829431E-1,8.681010836E-1
1.885888748E2,-9.670659900E-2,2.607404888E-1,-4.508990943E-1,5.297619862E-1
1.887892368E2,-1.215045094E0,2.077117562E-1,-1.179471016E0,1.706057043E0
1.889895988E2,-3.761251271E-2,-4.352784753E-1,-3.748959005E-1,5.756986958E-1
1.891899608E2,5.318202376E-1,1.393498778E0,7.967602611E-1,1.691005182E0
1.893903228E2,1.296747327E-1,9.841829538E-2,4.250254929E-1,4.551355477E-1
1.895906847E2,1.603451252E0,-1.875674844E0,4.208715558E-1,2.503266846E0
1.897910467E2,2.974291742E-1,1.033001900E0,2.922202051E-1,1.113979213E0
1.899914077E2,-7.185515016E-2,2.007617205E-1,-5.661183000E-1,6.049449236E-1
1.901917697E2,6.306616664E-1,-5.149995536E-2,6.584579349E-1,9.132104001E-1
1.903921315E2,7.277596276E-3,2.342954427E-1,2.398552746E-1,3.353772065E-1
1.905924925E2,-6.356984973E-1,-2.907066643E-1,-3.946874142E-1,8.027459742E-1
1.907928545E2,-5.194690824E-1,-6.317590475E-1,-1.721139699E-1,8.358174683E-1
1.909932155E2,-1.734001338E-1,3.017548025E-1,-4.688526988E-1,5.839061743E-1
1.911935765E2,5.725798756E-2,-3.915023059E-2,2.070972770E-1,2.184044410E-1
1.913939382E2,2.399340570E-1,-5.909106135E-1,2.199632674E-1,6.746314134E-1
1.915942992E2,5.512259007E-1,1.356562972E-1,9.112744331E-1,1.073626433E0
1.917946602E2,-1.180890277E-1,4.235313237E-1,-2.312052548E-1,4.967692326E-1
1.919950212E2,-6.505211592E-1,2.220471799E-1,2.178344131E-1,7.210648793E-1
1.921953822E2,-8.942764252E-2,-2.144248784E-1,-9.307761788E-1,9.593329072E-1
1.923957432E2,2.494642437E-1,-8.921282738E-2,-1.889444441E-1,3.254094964E-1
1.925961042E2,8.577437997E-1,8.743757010E-1,1.142225266E0,1.674794271E0
1.927964652E2,-5.032072663E-1,-1.129630089E0,-8.029516935E-1,1.474453496E0
1.929968262E2,7.225846052E-1,7.272762656E-1,8.173696399E-1,1.311164523E0
1.931971872E2,2.630386651E-1,1.480728984E-1,-7.234105468E-1,7.838607923E-1
1.933975486E2,1.077919722E0,3.261758089E-1,2.573996186E-1,1.155229911E0
1.935979086E2,-5.248503685E-1,2.901439667E-1,5.331701040E-2,6.020748577E-1
1.937982696E2,-1.629124582E-1,-1.169966012E-1,-1.580615193E-1,2.553666337E-1
1.939986306E2,-5.637464523E-1,-8.767600656E-1,-1.177982092E0,1.572946307E0
1.941989906E2,5.317227244E-1,-1.145078987E-1,1.147017106E-1,5.558755229E-1
1.943993516E2,-8.905680776E-1,2.985010147E-1,-5.439282581E-2,9.408362961E-1
1.945997116E2,-1.392477602E-1,4.185425937E-1,2.877302468E-1,5.266465004E-1
1.948000726E2,3.320122957E-1,1.439045966E-1,9.050561190E-1,9.747139457E-1
1.950004326E2,1.521194577E0,5.466133356E-1,2.340091467E-1,1.633272592E0
1.952007926E2,-3.568198979E-1,-8.603226542E-1,-2.246052772E-1,9.580830024E-1
1.954011518E2,-1.284196675E-1,2.203455865E-1,-4.710751176E-1,5.356823265E-1
1.956015118E2,3.088150322E-1,5.647738576E-1,2.028393596E-1,6.748926138E-1
1.958018728E2,5.045126006E-2,-4.797549918E-2,9.217011929E-1,9.243268183E-1
1.960022328E2,-2.847650647E-1,-1.662313044E-1,-7.866908312E-1,8.529985067E-1
1.962025927E2,-1.005451441E0,9.751015902E-1,2.932081558E-2,1.400933768E0
1.964029532E2,-6.277351975E-1,5.795786381E-1,-1.182316542E0,1.458710143E0
1.966033122E2,-4.268663935E-3,-3.523355350E-2,6.949357390E-1,6.958414375E-1
1.968036722E2,-1.007638425E-1,-8.024810553E-1,-6.351916790E-1,1.028395675E0
1.970040322E2,-3.443917632E-1,-7.390518188E-1,-1.146087646E0,1.406527700E0
1.972043922E2,5.836187601E-1,-2.847177684E-1,-7.891955227E-2,6.541432263E-1
1.974047518E2,-2.794654071E-1,-1.331188437E-2,-3.348971307E-1,4.363876811E-1
1.976051118E2,-2.215292491E-2,1.217575222E-1,2.122503333E-2,1.255633240E-1
1.978054718E2,-1.504387110E-1,2.985191643E-1,5.716160536E-1,6.621860841E-1
1.980058308E2,-2.714678831E-2,4.240148664E-1,1.822120994E-1,4.623059638E-1
1.982061908E2,-5.351769924E-1,-1.913278103E0,-1.202197313E0,2.322138216E0
1.984065498E2,5.291742086E-1,2.249785885E-2,-2.536576986E-1,5.872595038E-1
1.986069088E2,4.036850482E-2,4.780534282E-2,2.027751803E-1,2.122091910E-1
1.988072688E2,-6.113674119E-2,2.976876795E-1,1.371734682E-2,3.042101597E-1
1.990076278E2,5.172185898E-1,3.555388153E-1,8.427114487E-1,1.050754731E0
1.992079868E2,-5.309235454E-1,-8.334768564E-2,-2.035348117E-1,5.746764893E-1
1.994083459E2,-5.286121964E-1,-1.245602846E0,-9.525519609E-1,1.654784742E0
1.996087049E2,-1.055461168E-1,2.293399870E-1,5.562174320E-1,6.108311093E-1
1.998090639E2,4.010380059E-2,-4.063413143E-1,2.425290272E-2,4.090351841E-1
2.000094229E2,5.641628504E-1,-2.052010037E-2,7.301612496E-1,9.229497531E-1
2.002097819E2,5.444326997E-1,4.310491383E-1,-3.727483749E-1,7.881317625E-1